case,noalt,alt,choice,traveltime,cost,freq,male,income,cost_coverage
1,3,Car,0,117,65,1,0,2,0
1,3,SM,1,63,52,20,0,2,0
1,3,Train,0,112,48,120,0,2,0
2,2,SM,1,76,70,20,0,1,0
2,2,Train,0,184,62,120,0,1,0
3,3,Car,0,105,40,1,1,2,0
3,3,SM,1,29,35,10,1,2,0
3,3,Train,0,58,32,30,1,2,0
4,3,Car,0,135,80,1,1,3,0
4,3,SM,1,65,45,10,1,3,0
4,3,Train,0,138,40,30,1,3,0
5,2,SM,1,216,72,20,1,3,0
5,2,Train,0,269,70,120,1,3,0
6,3,Car,0,70,35,1,0,3,0
6,3,SM,1,46,38,30,0,3,0
6,3,Train,0,116,35,120,0,3,0
7,3,Car,0,117,140,1,1,1,0
7,3,SM,1,32,49,20,1,1,0
7,3,Train,0,87,42,120,1,1,0
8,3,Car,0,130,30,1,1,3,0
8,3,SM,1,56,34,20,1,3,0
8,3,Train,0,109,26,120,1,3,0
9,3,Car,0,60,32,1,1,2,0
9,3,SM,1,53,28,10,1,2,0
9,3,Train,0,116,24,30,1,2,0
10,2,SM,1,59,46,30,0,1,1
10,2,Train,0,131,42,120,0,1,1
11,2,SM,1,52,38,10,1,2,1
11,2,Train,0,116,32,30,1,2,1
12,2,SM,1,66,42,10,0,2,1
12,2,Train,0,131,36,30,0,2,1
13,2,SM,1,86,40,30,1,1,1
13,2,Train,0,168,37,120,1,1,1
14,3,Car,0,91,100,1,1,2,1
14,3,SM,1,77,38,20,1,2,1
14,3,Train,0,130,31,120,1,2,1
15,2,SM,1,41,31,30,1,2,1
15,2,Train,0,111,26,120,1,2,1
16,3,Car,0,190,80,1,1,2,1
16,3,SM,1,79,66,10,1,2,1
16,3,Train,0,208,62,30,1,2,1
17,3,Car,0,90,20,1,1,2,0
17,3,SM,1,61,26,10,1,2,0
17,3,Train,0,132,23,30,1,2,0
18,3,Car,0,110,32,1,1,3,0
18,3,SM,1,95,27,10,1,3,0
18,3,Train,0,186,24,30,1,3,0
19,3,Car,1,1200,10,1,0,1,0
19,3,SM,0,121,27,30,0,1,0
19,3,Train,0,212,26,120,0,1,0
20,3,Car,0,110,30,1,0,1,1
20,3,SM,1,96,32,30,0,1,1
20,3,Train,0,179,31,120,0,1,1
22,3,Car,1,70,36,1,1,3,1
22,3,SM,0,43,62,10,1,3,1
22,3,Train,0,108,52,30,1,3,1
23,3,Car,0,78,50,1,1,2,1
23,3,SM,1,49,68,20,1,2,1
23,3,Train,0,102,54,120,1,2,1
24,2,SM,1,60,128,30,1,2,1
24,2,Train,0,210,118,120,1,2,1
25,3,Car,1,182,90,1,1,3,1
25,3,SM,0,66,139,20,1,3,1
25,3,Train,0,179,119,120,1,3,1
26,3,Car,0,190,44,1,1,2,1
26,3,SM,1,77,84,10,1,2,1
26,3,Train,0,233,74,30,1,2,1
27,2,SM,1,31,46,20,1,2,1
27,2,Train,0,86,36,120,1,2,1
28,2,SM,1,68,65,20,1,1,0
28,2,Train,0,92,60,120,1,1,0
29,3,Car,0,91,80,1,0,2,0
29,3,SM,0,55,65,20,0,2,0
29,3,Train,1,110,60,120,0,2,0
30,3,Car,0,70,27,1,1,2,1
30,3,SM,1,46,60,30,1,2,1
30,3,Train,0,118,60,120,1,2,1
31,3,Car,0,182,80,1,1,3,1
31,3,SM,1,69,65,20,1,3,1
31,3,Train,0,182,60,120,1,3,1
55,2,SM,1,55,162,30,0,1,0
55,2,Train,0,131,162,120,0,1,0
57,3,Car,0,160,105,1,0,3,1
57,3,SM,1,102,60,30,0,3,1
57,3,Train,0,257,60,120,0,3,1
59,3,Car,0,190,110,1,0,3,1
59,3,SM,1,71,168,30,0,3,1
59,3,Train,0,292,168,120,0,3,1
61,3,Car,0,160,115,1,0,1,0
61,3,SM,1,84,20,30,0,1,0
61,3,Train,0,240,20,120,0,1,0
62,3,Car,0,210,88,1,0,2,0
62,3,SM,1,123,84,10,0,2,0
62,3,Train,0,186,81,30,0,2,0
63,3,Car,0,78,35,1,0,2,0
63,3,SM,1,67,65,20,0,2,0
63,3,Train,0,120,50,120,0,2,0
64,3,Car,0,80,40,1,1,3,0
64,3,SM,1,48,71,10,1,3,0
64,3,Train,0,113,60,30,1,3,0
65,3,Car,0,140,72,1,1,2,1
65,3,SM,1,79,97,10,1,2,1
65,3,Train,0,215,84,30,1,2,1
66,3,Car,0,135,56,1,0,2,1
66,3,SM,1,122,78,10,0,2,1
66,3,Train,0,206,71,30,0,2,1
67,3,Car,0,90,60,1,1,2,1
67,3,SM,1,62,84,30,1,2,1
67,3,Train,0,140,78,120,1,2,1
68,3,Car,0,60,35,1,1,2,1
68,3,SM,1,70,58,30,1,2,1
68,3,Train,0,147,50,120,1,2,1
69,3,Car,0,150,240,1,1,3,1
69,3,SM,1,113,112,30,1,3,1
69,3,Train,0,202,110,120,1,3,1
70,3,Car,0,60,50,1,0,2,1
70,3,SM,1,44,78,30,0,2,1
70,3,Train,0,116,72,120,0,2,1
71,3,Car,0,143,95,1,0,3,1
71,3,SM,1,64,112,20,0,3,1
71,3,Train,0,177,101,120,0,3,1
72,3,Car,0,130,144,1,1,2,1
72,3,SM,1,78,92,20,1,2,1
72,3,Train,0,127,85,120,1,2,1
73,2,SM,1,38,58,20,1,3,1
73,2,Train,0,91,46,120,1,3,1
75,3,Car,0,156,50,1,1,2,1
75,3,SM,1,87,48,20,1,2,1
75,3,Train,0,98,48,120,1,2,1
76,2,SM,1,43,116,20,1,3,1
76,2,Train,0,62,76,120,1,3,1
77,3,Car,0,117,65,1,0,2,1
77,3,SM,1,71,169,20,0,2,1
77,3,Train,0,126,156,120,0,2,1
78,2,SM,1,57,167,30,0,3,1
78,2,Train,0,135,156,120,0,3,1
79,3,Car,0,80,80,1,1,3,1
79,3,SM,1,78,153,30,1,3,1
79,3,Train,0,122,145,120,1,3,1
80,2,SM,1,64,82,20,1,3,0
80,2,Train,0,117,70,120,1,3,0
82,3,Car,0,195,140,1,1,3,0
82,3,SM,1,56,108,20,1,3,0
82,3,Train,0,169,100,120,1,3,0
84,3,Car,0,150,100,1,1,3,1
84,3,SM,1,63,100,30,1,3,1
84,3,Train,0,209,100,120,1,3,1
85,3,Car,1,60,28,1,1,3,1
85,3,SM,0,48,100,10,1,3,1
85,3,Train,0,111,83,30,1,3,1
86,3,Car,0,250,205,1,1,3,1
86,3,SM,1,76,100,30,1,3,1
86,3,Train,0,249,100,120,1,3,1
87,3,Car,0,182,85,1,1,2,1
87,3,SM,1,126,108,20,1,2,1
87,3,Train,0,181,100,120,1,2,1
102,3,Car,0,60,40,1,0,3,0
102,3,SM,1,33,179,30,0,3,0
102,3,Train,0,103,179,120,0,3,0
103,2,SM,1,28,209,30,0,2,1
103,2,Train,0,61,209,120,0,2,1
104,3,Car,0,78,40,1,1,3,1
104,3,SM,1,44,289,20,1,3,1
104,3,Train,0,97,266,120,1,3,1
105,3,Car,0,117,45,1,0,3,1
105,3,SM,1,91,294,20,0,3,1
105,3,Train,0,115,271,120,0,3,1
106,3,Car,0,150,65,1,0,2,0
106,3,SM,1,135,64,30,0,2,0
106,3,Train,0,215,62,120,0,2,0
107,3,Car,0,120,48,1,0,1,0
107,3,SM,1,87,45,10,0,1,0
107,3,Train,0,162,40,30,0,1,0
108,2,SM,1,49,46,30,0,2,0
108,2,Train,0,125,43,120,0,2,0
109,2,SM,1,104,57,20,0,2,0
109,2,Train,0,147,54,120,0,2,0
110,2,SM,1,63,82,20,1,3,0
110,2,Train,0,192,74,120,1,3,0
111,3,Car,0,90,40,1,0,1,0
111,3,SM,1,65,43,10,0,1,0
111,3,Train,0,136,38,30,0,1,0
112,3,Car,0,90,12,1,0,2,0
112,3,SM,1,33,42,10,0,2,0
112,3,Train,0,98,35,30,0,2,0
113,2,SM,1,83,42,30,1,1,0
113,2,Train,0,113,38,120,1,1,0
115,3,Car,0,195,90,1,1,2,1
115,3,SM,1,63,53,20,1,2,1
115,3,Train,0,87,54,120,1,2,1
116,2,SM,1,48,52,30,0,3,1
116,2,Train,0,150,48,120,0,3,1
118,2,SM,1,34,38,20,0,2,.5
118,2,Train,0,89,30,120,0,2,.5
120,3,Car,0,65,24,1,1,1,1
120,3,SM,1,44,16,20,1,1,1
120,3,Train,0,68,13,120,1,1,1
121,3,Car,0,52,60,1,1,3,1
121,3,SM,1,48,15,20,1,3,1
121,3,Train,0,72,12,120,1,3,1
123,2,SM,1,79,86,10,0,1,0
123,2,Train,0,150,76,30,0,1,0
124,2,SM,1,44,65,20,1,1,0
124,2,Train,0,97,52,120,1,1,0
125,3,Car,0,117,50,1,1,1,0
125,3,SM,1,70,108,20,1,1,0
125,3,Train,0,125,100,120,1,1,0
126,3,Car,0,210,50,1,0,1,1
126,3,SM,1,33,139,30,0,1,1
126,3,Train,0,67,137,120,0,1,1
127,3,Car,0,91,20,1,1,1,1
127,3,SM,1,81,48,20,1,1,1
127,3,Train,0,105,42,120,1,1,1
128,2,SM,1,37,65,20,1,1,.5
128,2,Train,0,92,60,120,1,1,.5
129,3,Car,0,100,40,1,1,1,1
129,3,SM,1,56,60,30,1,1,1
129,3,Train,0,158,60,120,1,1,1
167,2,SM,1,37,333,20,0,1,0
167,2,Train,0,90,307,120,0,1,0
168,2,SM,1,45,302,10,0,1,0
168,2,Train,0,76,252,30,0,1,0
169,3,Car,0,40,25,1,0,2,0
169,3,SM,1,26,122,30,0,2,0
169,3,Train,0,59,122,120,0,2,0
170,3,Car,0,117,35,1,0,3,0
170,3,SM,1,33,290,20,0,3,0
170,3,Train,0,57,268,120,0,3,0
171,3,Car,0,78,40,1,0,3,0
171,3,SM,1,55,320,20,0,3,0
171,3,Train,0,79,295,120,0,3,0
172,2,SM,1,25,290,20,1,2,0
172,2,Train,0,49,268,120,1,2,0
173,2,SM,1,47,357,10,1,2,0
173,2,Train,0,66,268,120,1,2,0
174,3,Car,0,40,30,1,1,2,0
174,3,SM,1,23,282,30,1,2,0
174,3,Train,0,56,282,120,1,2,0
175,2,SM,1,32,239,10,1,3,0
175,2,Train,0,61,199,30,1,3,0
177,3,Car,0,60,24,1,0,2,1
177,3,SM,1,45,282,10,0,2,1
177,3,Train,0,74,235,30,0,2,1
178,3,Car,0,60,40,1,1,1,1
178,3,SM,1,31,360,30,1,1,1
178,3,Train,0,66,360,120,1,1,1
179,3,Car,0,40,24,1,1,3,1
179,3,SM,1,37,268,10,1,3,1
179,3,Train,0,66,223,30,1,3,1
180,3,Car,0,60,40,1,0,1,.5
180,3,SM,1,32,308,30,0,1,.5
180,3,Train,0,69,308,120,0,1,.5
181,3,Car,0,60,32,1,0,2,.5
181,3,SM,1,36,295,10,0,2,.5
181,3,Train,0,69,246,30,0,2,.5
182,3,Car,0,78,40,1,0,2,0
182,3,SM,1,52,195,20,0,2,0
182,3,Train,0,105,180,120,0,2,0
184,2,SM,1,94,90,20,0,1,0
184,2,Train,0,149,82,120,0,1,0
185,3,Car,0,104,50,1,0,2,0
185,3,SM,1,44,84,20,0,2,0
185,3,Train,0,99,72,120,0,2,0
187,3,Car,0,120,140,1,1,3,0
187,3,SM,1,92,94,30,1,3,0
187,3,Train,0,172,94,120,1,3,0
188,2,SM,1,106,118,10,1,2,1
188,2,Train,0,261,105,30,1,2,1
189,3,Car,0,40,25,1,1,1,1
189,3,SM,1,28,38,30,1,1,1
189,3,Train,0,61,35,120,1,1,1
190,3,Car,0,120,70,1,1,3,.5
190,3,SM,1,111,94,30,1,3,.5
190,3,Train,0,190,91,120,1,3,.5
191,2,SM,1,32,20,10,1,3,1
191,2,Train,0,61,17,30,1,3,1
192,3,Car,0,150,68,1,1,1,0
192,3,SM,1,86,198,10,1,1,0
192,3,Train,0,219,176,30,1,1,0
193,3,Car,0,60,30,1,0,2,1
193,3,SM,1,43,77,30,0,2,1
193,3,Train,0,76,70,120,0,2,1
195,3,Car,0,156,110,1,1,3,1
195,3,SM,1,35,108,20,1,3,1
195,3,Train,0,59,100,120,1,3,1
196,3,Car,0,156,100,1,0,3,1
196,3,SM,1,59,108,20,0,3,1
196,3,Train,0,135,100,120,0,3,1
197,2,SM,1,23,100,30,0,2,1
197,2,Train,0,56,100,120,0,2,1
213,3,Car,0,65,20,1,1,1,0
213,3,SM,1,35,222,20,1,1,0
213,3,Train,0,59,205,120,1,1,0
214,3,Car,0,50,25,1,0,2,1
214,3,SM,1,18,443,30,0,2,1
214,3,Train,0,51,443,120,0,2,1
215,3,Car,0,50,20,1,1,2,1
215,3,SM,1,32,420,10,1,2,1
215,3,Train,0,61,350,30,1,2,1
216,2,SM,1,53,557,30,0,1,1
216,2,Train,0,92,557,120,0,1,1
217,3,Car,0,40,64,1,1,3,0
217,3,SM,0,12,42,10,1,3,0
217,3,Train,1,41,35,30,1,3,0
218,3,Car,0,40,84,1,1,3,.5
218,3,SM,0,19,209,30,1,3,.5
218,3,Train,1,52,209,120,1,3,.5
219,2,SM,1,100,88,20,0,2,0
219,2,Train,0,229,77,120,0,2,0
220,2,SM,1,25,21,10,1,2,0
220,2,Train,0,54,18,30,1,2,0
221,3,Car,0,70,20,1,0,2,0
221,3,SM,1,31,34,30,0,2,0
221,3,Train,0,103,30,120,0,2,0
222,2,SM,1,100,91,20,1,1,0
222,2,Train,0,227,79,120,1,1,0
223,2,SM,0,134,64,10,0,1,0
223,2,Train,1,280,57,30,0,1,0
224,3,Car,0,104,35,1,1,2,0
224,3,SM,1,51,40,20,1,2,0
224,3,Train,0,75,35,120,1,2,0
225,2,SM,0,198,42,10,0,2,0
225,2,Train,1,294,38,30,0,2,0
226,2,SM,1,73,46,20,0,1,0
226,2,Train,0,128,42,120,0,1,0
227,2,SM,1,63,29,10,1,1,0
227,2,Train,0,131,26,30,1,1,0
228,2,SM,1,42,43,10,1,1,0
228,2,Train,0,107,38,30,1,1,0
229,2,SM,1,78,62,20,1,1,0
229,2,Train,0,154,58,120,1,1,0
230,2,SM,1,40,32,20,0,1,0
230,2,Train,0,89,26,120,0,1,0
231,3,Car,0,110,52,1,0,1,0
231,3,SM,1,52,45,10,0,1,0
231,3,Train,0,143,40,30,0,1,0
232,2,SM,1,39,26,10,1,1,0
232,2,Train,0,70,24,30,1,1,0
233,2,SM,1,38,22,30,1,1,0
233,2,Train,0,71,19,120,1,1,0
234,2,SM,1,63,26,10,1,2,0
234,2,Train,0,130,22,30,1,2,0
235,3,Car,0,221,100,1,1,2,0
235,3,SM,1,180,78,20,1,2,0
235,3,Train,0,254,67,120,1,2,0
236,2,SM,1,71,40,30,0,1,0
236,2,Train,0,151,35,120,0,1,0
237,3,Car,0,160,100,1,1,1,0
237,3,SM,1,95,70,30,1,1,0
237,3,Train,0,247,65,120,1,1,0
238,3,Car,0,190,95,1,1,2,0
238,3,SM,0,70,72,30,1,2,0
238,3,Train,1,213,68,120,1,2,0
239,2,SM,1,105,38,20,0,2,0
239,2,Train,0,129,31,120,0,2,0
240,3,Car,0,50,20,1,0,2,0
240,3,SM,0,52,20,10,0,2,0
240,3,Train,1,81,18,30,0,2,0
241,3,Car,0,190,130,1,0,2,0
241,3,SM,0,93,78,30,0,2,0
241,3,Train,1,266,74,120,0,2,0
242,3,Car,0,60,32,1,0,2,0
242,3,SM,0,45,28,10,0,2,0
242,3,Train,1,78,25,30,0,2,0
244,2,SM,0,95,42,30,0,1,0
244,2,Train,1,125,38,120,0,1,0
245,3,Car,1,75,56,1,0,1,0
245,3,SM,0,70,45,10,0,1,0
245,3,Train,0,161,40,30,0,1,0
246,3,Car,0,110,70,1,0,2,0
246,3,SM,1,70,50,30,0,2,0
246,3,Train,0,144,48,120,0,2,0
248,2,SM,0,62,29,10,1,1,0
248,2,Train,1,96,26,30,1,1,0
250,2,SM,1,36,42,10,1,1,0
250,2,Train,0,101,35,30,1,1,0
251,3,Car,0,143,35,1,0,3,0
251,3,SM,1,49,53,20,0,3,0
251,3,Train,0,125,48,120,0,3,0
252,3,Car,0,143,65,1,1,2,0
252,3,SM,1,39,53,20,1,2,0
252,3,Train,0,115,48,120,1,2,0
254,2,SM,1,55,45,10,0,2,0
254,2,Train,0,146,40,30,0,2,0
255,3,Car,0,80,40,1,0,3,0
255,3,SM,1,78,43,10,0,3,0
255,3,Train,0,150,38,30,0,3,0
257,3,Car,0,143,70,1,1,2,0
257,3,SM,1,88,54,20,1,2,0
257,3,Train,0,131,50,120,1,2,0
258,2,SM,0,63,57,10,0,2,0
258,2,Train,1,192,52,30,0,2,0
260,2,SM,1,71,58,20,0,1,0
260,2,Train,0,147,54,120,0,1,0
261,2,SM,1,38,22,30,1,1,0
261,2,Train,0,71,19,120,1,1,0
266,3,Car,0,60,8,1,1,2,0
266,3,SM,1,52,12,10,1,2,0
266,3,Train,0,81,10,30,1,2,0
268,2,SM,1,14,15,20,1,1,0
268,2,Train,0,38,12,120,1,1,0
269,3,Car,0,70,50,1,0,1,0
269,3,SM,1,45,83,30,0,1,0
269,3,Train,0,122,76,120,0,1,0
271,2,SM,1,86,144,20,1,2,0
271,2,Train,0,199,127,120,1,2,0
272,2,SM,1,94,80,30,0,1,0
272,2,Train,0,141,62,120,0,1,0
273,3,Car,0,156,85,1,0,2,0
273,3,SM,1,90,108,20,0,2,0
273,3,Train,0,166,96,120,0,2,0
274,3,Car,0,60,40,1,0,3,0
274,3,SM,1,46,65,30,0,3,0
274,3,Train,0,116,58,120,0,3,0
275,2,SM,1,81,62,10,0,1,0
275,2,Train,0,143,52,30,0,1,0
276,3,Car,0,52,20,1,0,1,0
276,3,SM,0,36,57,20,0,1,0
276,3,Train,1,60,46,120,0,1,0
277,2,SM,1,106,123,10,0,1,0
277,2,Train,0,243,108,30,0,1,0
280,3,Car,0,70,28,1,0,1,0
280,3,SM,0,37,52,10,0,1,0
280,3,Train,1,66,45,30,0,1,0
281,3,Car,0,50,30,1,0,2,0
281,3,SM,1,20,50,30,0,2,0
281,3,Train,0,53,44,120,0,2,0
282,3,Car,0,70,40,1,0,1,0
282,3,SM,1,74,76,10,0,1,0
282,3,Train,0,114,68,30,0,1,0
283,3,Car,0,221,100,1,0,1,0
283,3,SM,0,108,149,20,0,1,0
283,3,Train,1,216,130,120,0,1,0
284,2,SM,1,22,53,20,1,1,0
284,2,Train,0,46,44,120,1,1,0
286,3,Car,0,210,52,1,0,1,0
286,3,SM,1,107,84,10,0,1,0
286,3,Train,0,262,74,30,0,1,0
287,2,SM,0,100,84,10,1,1,0
287,2,Train,1,219,67,60,1,1,0
288,2,SM,0,90,104,10,1,1,0
288,2,Train,1,200,89,60,1,1,0
289,2,SM,1,34,29,10,0,2,0
289,2,Train,0,92,24,30,0,2,0
292,3,Car,0,160,76,1,0,3,0
292,3,SM,1,85,60,10,0,3,0
292,3,Train,0,222,50,30,0,3,0
293,3,Car,0,170,92,1,0,2,0
293,3,SM,0,98,60,10,0,2,0
293,3,Train,1,232,50,30,0,2,0
294,2,SM,1,67,60,10,0,1,0
294,2,Train,0,203,50,30,0,1,0
337,2,SM,0,32,251,10,0,1,1
337,2,Train,1,61,209,30,0,1,1
339,2,SM,1,49,259,30,0,1,0
339,2,Train,0,121,259,120,0,1,0
340,2,SM,1,56,70,20,1,1,0
340,2,Train,0,80,65,120,1,1,0
341,3,Car,1,45,30,1,1,1,0
341,3,SM,0,29,53,30,1,1,0
341,3,Train,0,63,53,120,1,1,0
342,3,Car,0,140,85,1,0,3,0
342,3,SM,1,82,112,30,0,3,0
342,3,Train,0,237,106,120,0,3,0
343,3,Car,0,70,40,1,1,3,0
343,3,SM,1,50,68,30,1,3,0
343,3,Train,0,125,64,120,1,3,0
344,3,Car,0,60,35,1,1,2,0
344,3,SM,1,95,65,30,1,2,0
344,3,Train,0,175,55,120,1,2,0
345,3,Car,0,100,100,1,1,3,0
345,3,SM,1,81,84,30,1,3,0
345,3,Train,0,164,82,120,1,3,0
347,2,SM,1,51,81,30,1,2,0
347,2,Train,0,123,72,120,1,2,0
348,3,Car,0,150,80,1,1,2,0
348,3,SM,1,107,92,30,1,2,0
348,3,Train,0,192,89,120,1,2,0
349,2,SM,1,138,112,10,0,2,0
349,2,Train,0,283,99,30,0,2,0
352,3,Car,0,143,65,1,0,2,0
352,3,SM,1,77,90,20,0,2,0
352,3,Train,0,153,82,120,0,2,0
355,3,Car,0,150,90,1,1,3,0
355,3,SM,1,80,99,30,1,3,0
355,3,Train,0,190,97,120,1,3,0
357,2,SM,1,143,140,10,0,1,0
357,2,Train,0,313,127,30,0,1,0
358,2,SM,1,34,34,20,0,1,0
358,2,Train,0,87,26,120,0,1,0
359,2,SM,1,48,89,10,0,2,0
359,2,Train,0,111,74,30,0,2,0
360,3,Car,0,120,76,1,0,2,0
360,3,SM,0,79,194,10,0,2,0
360,3,Train,1,208,176,30,0,2,0
361,2,SM,1,95,169,30,1,3,0
361,2,Train,0,175,163,120,1,3,0
362,3,Car,0,182,85,1,1,3,0
362,3,SM,1,76,237,20,1,3,0
362,3,Train,0,189,211,120,1,3,0
365,3,Car,0,110,200,1,1,3,0
365,3,SM,1,91,189,30,1,3,0
365,3,Train,0,159,184,120,1,3,0
366,3,Car,1,91,40,1,1,1,0
366,3,SM,0,61,136,20,1,1,0
366,3,Train,0,85,119,120,1,1,0
367,3,Car,0,140,80,1,0,3,0
367,3,SM,1,54,100,30,0,3,0
367,3,Train,0,204,100,120,0,3,0
369,3,Car,0,260,145,1,1,2,0
369,3,SM,1,53,108,20,1,2,0
369,3,Train,0,161,100,120,1,2,0
391,3,Car,1,90,50,1,0,2,0
391,3,SM,0,119,196,30,0,2,0
391,3,Train,0,169,196,120,0,2,0
393,3,Car,0,60,70,1,1,3,0
393,3,SM,1,31,245,30,1,3,0
393,3,Train,0,64,245,120,1,3,0
394,3,Car,0,234,150,1,1,2,0
394,3,SM,1,104,624,20,1,2,0
394,3,Train,0,217,576,120,1,2,0
395,2,SM,1,99,289,20,0,3,0
395,2,Train,0,152,266,120,0,3,0
396,3,Car,0,156,80,1,1,2,0
396,3,SM,1,51,75,20,1,2,0
396,3,Train,0,127,70,120,1,2,0
397,2,SM,0,93,38,20,0,1,0
397,2,Train,1,146,31,120,0,1,0
398,2,SM,0,87,24,10,0,1,0
398,2,Train,1,164,22,30,0,1,0
400,3,Car,0,117,45,1,0,2,1
400,3,SM,1,51,50,20,0,2,1
400,3,Train,0,106,46,120,0,2,1
401,3,Car,0,60,50,1,1,2,.5
401,3,SM,1,39,46,30,1,2,.5
401,3,Train,0,111,42,120,1,2,.5
402,2,SM,1,53,30,30,1,1,0
402,2,Train,0,123,29,120,1,1,0
403,3,Car,0,150,85,1,1,2,1
403,3,SM,1,67,60,30,1,2,1
403,3,Train,0,220,60,120,1,2,1
404,3,Car,0,221,95,1,1,2,.5
404,3,SM,1,118,65,20,1,2,.5
404,3,Train,0,226,60,120,1,2,.5
410,3,Car,0,90,48,1,1,3,1
410,3,SM,0,34,71,10,1,3,1
410,3,Train,1,99,60,30,1,3,1
411,3,Car,0,182,90,1,1,3,1
411,3,SM,1,66,118,20,1,3,1
411,3,Train,0,179,101,120,1,3,1
415,3,Car,0,80,120,1,1,3,1
415,3,SM,1,44,498,30,1,3,1
415,3,Train,0,116,498,120,1,3,1
416,3,Car,0,156,75,1,1,3,0
416,3,SM,0,101,48,20,1,3,0
416,3,Train,1,125,46,120,1,3,0
417,3,Car,0,110,32,1,0,2,1
417,3,SM,1,96,32,10,0,2,1
417,3,Train,0,168,29,30,0,2,1
418,3,Car,0,85,12,1,0,1,0
418,3,SM,1,49,12,10,0,1,0
418,3,Train,0,78,11,30,0,1,0
419,3,Car,0,70,15,1,1,2,0
419,3,SM,1,51,18,30,1,2,0
419,3,Train,0,87,16,120,1,2,0
424,3,Car,0,80,45,1,0,2,0
424,3,SM,1,35,48,30,0,2,0
424,3,Train,0,110,43,120,0,2,0
425,3,Car,0,180,68,1,0,1,0
425,3,SM,1,119,72,10,0,1,0
425,3,Train,0,190,66,30,0,1,0
426,3,Car,0,90,48,1,1,1,0
426,3,SM,1,63,45,10,1,1,0
426,3,Train,0,134,40,30,1,1,0
428,3,Car,0,110,80,1,0,3,.5
428,3,SM,1,49,50,30,0,3,.5
428,3,Train,0,151,48,120,0,3,.5
429,3,Car,0,90,60,1,0,2,0
429,3,SM,1,71,103,30,0,2,0
429,3,Train,0,151,100,120,0,2,0
430,3,Car,0,100,120,1,0,2,1
430,3,SM,1,98,71,10,0,2,1
430,3,Train,0,126,68,30,0,2,1
436,3,Car,0,280,160,1,1,2,0
436,3,SM,1,160,146,10,1,2,0
436,3,Train,0,331,133,30,1,2,0
437,3,Car,0,200,100,1,1,2,0
437,3,SM,0,91,281,30,1,2,0
437,3,Train,1,267,262,120,1,2,0
439,3,Car,0,90,44,1,1,3,0
439,3,SM,1,52,147,10,1,3,0
439,3,Train,0,121,130,30,1,3,0
440,3,Car,0,90,16,1,0,1,0
440,3,SM,1,71,20,10,0,1,0
440,3,Train,0,110,18,30,0,1,0
441,2,SM,1,62,6,20,1,1,0
441,2,Train,0,115,6,120,1,1,0
443,3,Car,0,299,145,1,1,1,0
443,3,SM,1,104,94,20,1,1,0
443,3,Train,0,271,79,120,1,1,0
444,3,Car,0,70,45,1,1,2,0
444,3,SM,1,47,38,30,1,2,0
444,3,Train,0,126,31,120,1,2,0
445,3,Car,0,65,30,1,0,1,0
445,3,SM,1,30,25,20,0,1,0
445,3,Train,0,54,19,120,0,1,0
446,3,Car,0,91,40,1,0,2,0
446,3,SM,1,55,40,20,0,2,0
446,3,Train,0,110,31,120,0,2,0
447,3,Car,0,104,40,1,1,3,0
447,3,SM,1,49,40,20,1,3,0
447,3,Train,0,104,31,120,1,3,0
448,3,Car,1,100,48,1,1,2,0
448,3,SM,0,66,38,10,1,2,0
448,3,Train,0,138,35,30,1,2,0
449,3,Car,0,180,100,1,1,2,0
449,3,SM,1,135,74,30,1,2,0
449,3,Train,0,299,70,120,1,2,0
450,3,Car,0,130,60,1,0,2,0
450,3,SM,1,70,54,20,0,2,0
450,3,Train,0,119,50,120,0,2,0
451,3,Car,0,200,100,1,0,1,1
451,3,SM,1,202,66,10,0,1,1
451,3,Train,0,341,62,30,0,1,1
452,3,Car,0,70,32,1,1,3,1
452,3,SM,0,67,48,10,1,3,1
452,3,Train,1,96,22,30,1,3,1
453,3,Car,0,325,160,1,0,2,1
453,3,SM,1,71,82,20,0,2,1
453,3,Train,0,200,74,120,0,2,1
454,3,Car,0,200,115,1,0,2,.5
454,3,SM,1,50,66,30,0,2,.5
454,3,Train,0,193,62,120,0,2,.5
455,3,Car,1,120,56,1,1,2,.5
455,3,SM,0,55,45,10,1,2,.5
455,3,Train,0,146,40,30,1,2,.5
456,3,Car,1,90,44,1,1,2,0
456,3,SM,0,94,70,10,1,2,0
456,3,Train,0,120,63,30,1,2,0
457,3,Car,0,91,45,1,1,3,0
457,3,SM,1,34,76,20,1,3,0
457,3,Train,0,89,60,120,1,3,0
458,3,Car,0,130,60,1,1,2,0
458,3,SM,1,65,106,20,1,2,0
458,3,Train,0,120,96,120,1,2,0
459,3,Car,1,170,76,1,1,3,0
459,3,SM,0,90,123,10,1,3,0
459,3,Train,0,222,111,30,1,3,0
460,3,Car,1,40,24,1,1,3,0
460,3,SM,0,124,50,10,1,3,0
460,3,Train,0,163,43,30,1,3,0
461,3,Car,0,91,35,1,1,1,0
461,3,SM,1,34,76,20,1,1,0
461,3,Train,0,89,60,120,1,1,0
462,3,Car,1,91,40,1,0,1,0
462,3,SM,0,71,76,20,0,1,0
462,3,Train,0,126,62,120,0,1,0
463,3,Car,1,91,40,1,1,3,0
463,3,SM,0,90,80,20,1,3,0
463,3,Train,0,145,64,120,1,3,0
464,3,Car,0,117,55,1,1,2,0
464,3,SM,1,37,98,20,1,2,0
464,3,Train,0,92,84,120,1,2,0
465,3,Car,0,273,120,1,1,1,0
465,3,SM,1,71,165,20,1,1,0
465,3,Train,0,200,148,120,1,1,0
466,3,Car,1,100,60,1,1,2,0
466,3,SM,0,60,103,30,1,2,0
466,3,Train,0,130,100,120,1,2,0
467,3,Car,0,130,70,1,0,2,0
467,3,SM,1,64,103,20,0,2,0
467,3,Train,0,119,91,120,0,2,0
468,3,Car,1,140,95,1,1,2,0
468,3,SM,0,103,103,30,1,2,0
468,3,Train,0,191,103,120,1,2,0
469,3,Car,0,65,30,1,1,3,1
469,3,SM,1,30,50,20,1,3,1
469,3,Train,0,54,40,120,1,3,1
470,3,Car,0,221,135,1,1,2,1
470,3,SM,1,81,149,20,1,2,1
470,3,Train,0,189,133,120,1,2,1
471,3,Car,1,170,88,1,1,3,1
471,3,SM,0,91,123,10,1,3,1
471,3,Train,0,227,106,30,1,3,1
473,3,Car,0,299,165,1,1,3,.5
473,3,SM,1,280,210,20,1,3,.5
473,3,Train,0,388,193,120,1,3,.5
474,3,Car,1,70,32,1,0,1,.5
474,3,SM,0,51,63,10,0,1,.5
474,3,Train,0,118,53,30,0,1,.5
475,3,Car,0,110,64,1,0,2,.5
475,3,SM,1,55,90,10,0,2,.5
475,3,Train,0,146,80,30,0,2,.5
476,3,Car,0,200,130,1,1,2,.5
476,3,SM,1,785,144,30,1,2,.5
476,3,Train,0,1022,137,120,1,2,.5
477,3,Car,1,130,60,1,0,2,0
477,3,SM,0,120,90,20,0,2,0
477,3,Train,0,175,89,120,0,2,0
478,3,Car,0,190,132,1,1,3,0
478,3,SM,1,81,118,10,1,3,0
478,3,Train,0,236,105,30,1,3,0
479,3,Car,0,40,24,1,1,2,0
479,3,SM,1,32,34,10,1,2,0
479,3,Train,0,61,29,30,1,2,0
480,3,Car,0,210,125,1,1,2,0
480,3,SM,1,63,133,30,1,2,0
480,3,Train,0,236,126,120,1,2,0
481,3,Car,1,40,28,1,1,3,0
481,3,SM,0,32,34,10,1,3,0
481,3,Train,0,61,29,30,1,3,0
482,3,Car,1,170,110,1,1,3,0
482,3,SM,0,153,118,30,1,3,0
482,3,Train,0,303,108,120,1,3,0
483,3,Car,0,130,70,1,1,2,0
483,3,SM,1,74,90,20,1,2,0
483,3,Train,0,129,82,120,1,2,0
484,3,Car,1,60,24,1,1,3,1
484,3,SM,0,93,56,10,1,3,1
484,3,Train,0,119,36,30,1,3,1
485,3,Car,0,110,75,1,1,2,1
485,3,SM,1,61,84,30,1,2,1
485,3,Train,0,168,82,120,1,2,1
486,3,Car,0,170,100,1,1,3,1
486,3,SM,1,141,105,10,1,3,1
486,3,Train,0,277,90,30,1,3,1
487,3,Car,0,170,84,1,1,3,1
487,3,SM,1,89,105,10,1,3,1
487,3,Train,0,227,90,30,1,3,1
488,3,Car,0,70,36,1,1,3,1
488,3,SM,1,38,50,10,1,3,1
488,3,Train,0,103,42,30,1,3,1
489,3,Car,0,200,108,1,1,2,1
489,3,SM,1,131,112,10,1,2,1
489,3,Train,0,275,105,30,1,2,1
490,3,Car,0,234,115,1,1,3,1
490,3,SM,1,108,133,20,1,3,1
490,3,Train,0,216,116,120,1,3,1
491,3,Car,0,120,70,1,1,2,1
491,3,SM,1,85,92,30,1,2,1
491,3,Train,0,169,89,120,1,2,1
492,3,Car,0,180,105,1,1,3,1
492,3,SM,1,116,118,30,1,3,1
492,3,Train,0,265,110,120,1,3,1
493,3,Car,1,90,60,1,1,3,.5
493,3,SM,0,42,81,30,1,3,.5
493,3,Train,0,118,78,120,1,3,.5
494,3,Car,0,190,124,1,1,3,.5
494,3,SM,1,123,97,10,1,3,.5
494,3,Train,0,230,90,30,1,3,.5
495,3,Car,1,169,70,1,1,2,0
495,3,SM,0,72,194,20,1,2,0
495,3,Train,0,127,184,120,1,2,0
496,3,Car,1,182,95,1,1,3,0
496,3,SM,0,99,218,20,1,3,0
496,3,Train,0,154,200,120,1,3,0
497,3,Car,1,140,64,1,1,3,0
497,3,SM,0,176,162,10,1,3,0
497,3,Train,0,255,153,30,1,3,0
498,3,Car,0,234,110,1,0,3,0
498,3,SM,1,121,225,20,0,3,0
498,3,Train,0,197,211,120,0,3,0
499,3,Car,0,170,110,1,1,3,1
499,3,SM,1,62,225,30,1,3,1
499,3,Train,0,209,211,120,1,3,1
500,3,Car,0,160,105,1,1,3,1
500,3,SM,1,139,225,30,1,3,1
500,3,Train,0,225,221,120,1,3,1
501,3,Car,0,221,135,1,1,3,1
501,3,SM,1,56,237,20,1,3,1
501,3,Train,0,164,211,120,1,3,1
502,3,Car,1,90,60,1,1,3,1
502,3,SM,0,78,162,30,1,3,1
502,3,Train,0,150,145,120,1,3,1
503,3,Car,1,130,80,1,1,3,1
503,3,SM,0,133,167,30,1,3,1
503,3,Train,0,229,170,120,1,3,1
504,3,Car,1,170,110,1,1,3,1
504,3,SM,0,112,218,30,1,3,1
504,3,Train,0,230,217,120,1,3,1
505,3,Car,1,220,185,1,1,2,1
505,3,SM,0,112,293,30,1,2,1
505,3,Train,0,344,270,120,1,2,1
506,3,Car,1,220,92,1,1,2,1
506,3,SM,0,170,237,10,1,2,1
506,3,Train,0,318,218,30,1,2,1
507,3,Car,1,90,48,1,1,3,1
507,3,SM,0,115,121,10,1,3,1
507,3,Train,0,147,111,30,1,3,1
508,3,Car,1,210,88,1,1,2,1
508,3,SM,0,93,210,10,1,2,1
508,3,Train,0,228,184,30,1,2,1
509,3,Car,1,170,88,1,1,3,.5
509,3,SM,0,64,194,10,1,3,.5
509,3,Train,0,193,176,30,1,3,.5
510,3,Car,0,221,95,1,1,3,0
510,3,SM,1,66,25,20,1,3,0
510,3,Train,0,174,23,120,1,3,0
511,3,Car,0,110,75,1,1,3,0
511,3,SM,1,37,23,30,1,3,0
511,3,Train,0,112,23,120,1,3,0
512,3,Car,0,299,140,1,1,2,0
512,3,SM,1,99,91,20,1,2,0
512,3,Train,0,266,77,120,1,2,0
513,3,Car,1,70,40,1,1,3,0
513,3,SM,0,47,34,10,1,3,0
513,3,Train,0,116,31,30,1,3,0
514,3,Car,1,182,95,1,0,2,0
514,3,SM,0,154,62,20,0,2,0
514,3,Train,0,209,59,120,0,2,0
515,3,Car,1,110,60,1,1,2,0
515,3,SM,0,113,56,30,1,2,0
515,3,Train,0,200,55,120,1,2,0
516,3,Car,0,90,48,1,1,2,0
516,3,SM,1,73,43,10,1,2,0
516,3,Train,0,149,40,30,1,2,0
517,3,Car,0,143,70,1,1,2,0
517,3,SM,1,96,48,20,1,2,0
517,3,Train,0,151,46,120,1,2,0
518,3,Car,0,170,100,1,1,2,0
518,3,SM,1,74,72,30,1,2,0
518,3,Train,0,224,67,120,1,2,0
519,3,Car,1,140,80,1,1,1,0
519,3,SM,0,68,132,30,1,1,0
519,3,Train,0,221,119,120,1,1,0
520,3,Car,1,170,115,1,1,3,0
520,3,SM,0,138,132,30,1,3,0
520,3,Train,0,256,127,120,1,3,0
521,3,Car,1,90,55,1,1,2,0
521,3,SM,0,89,83,30,1,2,0
521,3,Train,0,120,82,120,1,2,0
522,3,Car,0,156,80,1,0,2,0
522,3,SM,1,49,106,20,0,2,0
522,3,Train,0,125,96,120,0,2,0
523,3,Car,1,180,95,1,0,2,0
523,3,SM,0,74,144,30,0,2,0
523,3,Train,0,221,133,120,0,2,0
524,3,Car,1,100,48,1,1,2,0
524,3,SM,0,67,90,10,1,2,0
524,3,Train,0,130,80,30,1,2,0
526,3,Car,1,290,172,1,1,2,.5
526,3,SM,0,140,172,10,1,2,.5
526,3,Train,0,375,156,30,1,2,.5
527,3,Car,0,273,115,1,0,2,0
527,3,SM,1,101,15,20,0,2,0
527,3,Train,0,226,14,120,0,2,0
528,3,Car,0,80,50,1,1,2,0
528,3,SM,1,34,14,30,1,2,0
528,3,Train,0,106,14,120,1,2,0
530,3,Car,1,273,140,1,1,3,0
530,3,SM,0,71,140,20,1,3,0
530,3,Train,0,200,126,120,1,3,0
531,3,Car,0,170,105,1,0,1,0
531,3,SM,1,50,112,30,0,1,0
531,3,Train,0,193,106,120,0,1,0
532,3,Car,0,210,125,1,0,1,0
532,3,SM,1,140,118,30,0,1,0
532,3,Train,0,238,116,120,0,1,0
533,3,Car,1,150,76,1,1,3,0
533,3,SM,0,143,90,10,1,3,0
533,3,Train,0,250,84,30,1,3,0
534,3,Car,0,220,135,1,1,2,0
534,3,SM,1,95,140,30,1,2,0
534,3,Train,0,272,131,120,1,2,0
535,3,Car,0,210,128,1,1,2,.5
535,3,SM,1,153,127,10,1,2,.5
535,3,Train,0,317,112,30,1,2,.5
538,3,Car,1,90,44,1,1,3,0
538,3,SM,0,124,136,10,1,3,0
538,3,Train,0,150,130,30,1,3,0
539,3,Car,1,110,65,1,1,2,.5
539,3,SM,0,90,142,30,1,2,.5
539,3,Train,0,120,130,120,1,2,.5
540,3,Car,0,130,80,1,1,3,0
540,3,SM,1,126,23,30,1,3,0
540,3,Train,0,206,23,120,1,3,0
545,3,Car,1,90,44,1,1,3,0
545,3,SM,0,54,38,10,1,3,0
545,3,Train,0,126,32,30,1,3,0
546,3,Car,0,273,125,1,1,2,0
546,3,SM,1,164,72,20,1,2,0
546,3,Train,0,240,68,120,1,2,0
547,3,Car,0,100,65,1,1,2,0
547,3,SM,1,90,42,30,1,2,0
547,3,Train,0,120,38,120,1,2,0
548,3,Car,1,90,40,1,1,2,0
548,3,SM,0,41,42,10,1,2,0
548,3,Train,0,106,35,30,1,2,0
549,3,Car,0,91,40,1,0,2,0
549,3,SM,1,34,38,20,0,2,0
549,3,Train,0,89,30,120,0,2,0
550,3,Car,1,80,36,1,1,2,0
550,3,SM,0,41,42,10,1,2,0
550,3,Train,0,106,35,30,1,2,0
551,3,Car,1,120,48,1,1,2,0
551,3,SM,0,132,43,10,1,2,0
551,3,Train,0,212,42,30,1,2,0
552,3,Car,0,143,60,1,1,1,0
552,3,SM,1,138,57,20,1,1,0
552,3,Train,0,193,54,120,1,1,0
553,3,Car,0,170,84,1,1,2,0
553,3,SM,1,96,58,10,1,2,0
553,3,Train,0,233,53,30,1,2,0
554,3,Car,0,100,60,1,1,3,0
554,3,SM,1,48,49,30,1,3,0
554,3,Train,0,125,46,120,1,3,0
555,3,Car,0,220,145,1,1,2,0
555,3,SM,1,85,82,30,1,2,0
555,3,Train,0,264,77,120,1,2,0
556,3,Car,0,60,32,1,0,2,1
556,3,SM,1,49,28,10,0,2,1
556,3,Train,0,116,25,30,0,2,1
557,3,Car,0,140,75,1,1,2,1
557,3,SM,1,61,66,30,1,2,1
557,3,Train,0,214,62,120,1,2,1
558,3,Car,0,221,95,1,1,2,1
558,3,SM,1,91,74,20,1,2,1
558,3,Train,0,199,65,120,1,2,1
559,3,Car,0,100,60,1,1,3,1
559,3,SM,1,52,50,30,1,3,1
559,3,Train,0,130,48,120,1,3,1
560,3,Car,0,182,80,1,1,3,1
560,3,SM,1,61,66,20,1,3,1
560,3,Train,0,174,59,120,1,3,1
561,3,Car,0,180,76,1,1,2,1
561,3,SM,1,146,53,10,1,2,1
561,3,Train,0,212,49,30,1,2,1
562,3,Car,0,90,55,1,1,3,1
562,3,SM,1,31,34,30,1,3,1
562,3,Train,0,103,30,120,1,3,1
563,3,Car,0,110,65,1,1,2,1
563,3,SM,1,74,52,30,1,2,1
563,3,Train,0,156,50,120,1,2,1
564,3,Car,1,130,55,1,1,3,1
564,3,SM,0,115,54,20,1,3,1
564,3,Train,0,164,52,120,1,3,1
565,3,Car,1,110,56,1,1,1,1
565,3,SM,0,75,46,10,1,1,1
565,3,Train,0,149,42,30,1,1,1
566,3,Car,0,160,105,1,1,2,1
566,3,SM,1,97,72,30,1,2,1
566,3,Train,0,245,65,120,1,2,1
567,3,Car,0,130,65,1,1,2,1
567,3,SM,1,53,54,20,1,2,1
567,3,Train,0,108,50,120,1,2,1
568,3,Car,1,110,44,1,1,2,1
568,3,SM,0,84,46,10,1,2,1
568,3,Train,0,159,42,30,1,2,1
569,3,Car,0,150,68,1,1,2,1
569,3,SM,1,69,56,10,1,2,1
569,3,Train,0,205,49,30,1,2,1
570,3,Car,0,140,64,1,1,2,1
570,3,SM,1,149,54,10,1,2,1
570,3,Train,0,233,50,30,1,2,1
571,3,Car,0,170,125,1,1,3,1
571,3,SM,1,50,66,30,1,3,1
571,3,Train,0,193,62,120,1,3,1
572,3,Car,0,200,125,1,0,3,1
572,3,SM,1,91,70,30,0,3,1
572,3,Train,0,240,64,120,0,3,1
573,3,Car,0,130,52,1,1,2,1
573,3,SM,1,128,49,10,1,2,1
573,3,Train,0,211,46,30,1,2,1
574,3,Car,0,104,65,1,1,2,1
574,3,SM,0,50,50,20,1,2,1
574,3,Train,1,105,43,120,1,2,1
575,3,Car,1,90,40,1,1,2,1
575,3,SM,0,60,43,10,1,2,1
575,3,Train,0,131,38,30,1,2,1
576,3,Car,1,270,180,1,1,2,1
576,3,SM,0,176,80,30,1,2,1
576,3,Train,0,281,79,120,1,2,1
577,3,Car,1,130,64,1,1,3,1
577,3,SM,0,109,52,10,1,3,1
577,3,Train,0,184,48,30,1,3,1
578,3,Car,1,160,88,1,1,3,1
578,3,SM,0,109,62,10,1,3,1
578,3,Train,0,255,54,30,1,3,1
579,3,Car,0,150,90,1,1,3,1
579,3,SM,1,115,58,30,1,3,1
579,3,Train,0,225,58,120,1,3,1
580,3,Car,0,120,64,1,1,2,1
580,3,SM,1,122,53,10,1,2,1
580,3,Train,0,200,49,30,1,2,1
581,3,Car,0,220,180,1,1,2,1
581,3,SM,1,170,78,30,1,2,1
581,3,Train,0,339,74,120,1,2,1
582,3,Car,0,170,95,1,1,2,1
582,3,SM,1,50,66,30,1,2,1
582,3,Train,0,193,62,120,1,2,1
583,3,Car,0,140,95,1,1,3,1
583,3,SM,1,139,58,30,1,3,1
583,3,Train,0,251,58,120,1,3,1
585,3,Car,0,143,60,1,0,2,.5
585,3,SM,1,76,53,20,0,2,.5
585,3,Train,0,128,50,120,0,2,.5
586,3,Car,1,80,40,1,1,3,.5
586,3,SM,0,65,43,10,1,3,.5
586,3,Train,0,135,38,30,1,3,.5
587,3,Car,0,150,76,1,1,3,.5
587,3,SM,1,69,56,10,1,3,.5
587,3,Train,0,205,49,30,1,3,.5
588,3,Car,0,65,25,1,1,3,.5
588,3,SM,1,48,26,20,1,3,.5
588,3,Train,0,72,22,120,1,3,.5
589,3,Car,1,150,68,1,1,2,.5
589,3,SM,0,142,56,10,1,2,.5
589,3,Train,0,210,52,30,1,2,.5
590,3,Car,0,170,76,1,1,3,.5
590,3,SM,1,167,62,10,1,3,.5
590,3,Train,0,252,56,30,1,3,.5
591,3,Car,0,170,84,1,1,2,.5
591,3,SM,1,64,57,10,1,2,.5
591,3,Train,0,193,52,30,1,2,.5
592,3,Car,0,208,90,1,1,3,.5
592,3,SM,1,143,64,20,1,3,.5
592,3,Train,0,186,60,120,1,3,.5
599,3,Car,0,143,60,1,1,1,0
599,3,SM,1,37,98,20,1,1,0
599,3,Train,0,92,84,120,1,1,0
600,3,Car,0,120,64,1,1,2,0
600,3,SM,1,96,99,10,1,2,0
600,3,Train,0,171,91,30,1,2,0
601,3,Car,1,143,65,1,1,2,0
601,3,SM,0,94,114,20,1,2,0
601,3,Train,0,149,108,120,1,2,0
602,3,Car,1,180,104,1,1,1,0
602,3,SM,0,117,123,10,1,1,0
602,3,Train,0,254,111,30,1,1,0
603,3,Car,1,80,36,1,1,2,0
603,3,SM,0,41,83,10,1,2,0
603,3,Train,0,106,70,30,1,2,0
604,3,Car,0,180,110,1,1,2,0
604,3,SM,1,55,128,30,1,2,0
604,3,Train,0,205,118,120,1,2,0
605,3,Car,1,120,64,1,1,2,0
605,3,SM,0,96,99,10,1,2,0
605,3,Train,0,171,91,30,1,2,0
606,3,Car,0,90,44,1,1,2,0
606,3,SM,1,41,83,10,1,2,0
606,3,Train,0,106,70,30,1,2,0
607,3,Car,0,286,130,1,1,2,0
607,3,SM,1,80,177,20,1,2,0
607,3,Train,0,247,154,120,1,2,0
609,3,Car,0,90,50,1,1,2,0
609,3,SM,1,34,91,30,1,2,0
609,3,Train,0,106,84,120,1,2,0
610,3,Car,1,100,48,1,1,2,0
610,3,SM,0,70,90,10,1,2,0
610,3,Train,0,143,80,30,1,2,0
611,3,Car,0,120,70,1,1,1,0
611,3,SM,1,57,99,30,1,1,0
611,3,Train,0,164,96,120,1,1,0
612,3,Car,1,169,70,1,0,2,0
612,3,SM,0,109,144,20,0,2,0
612,3,Train,0,192,119,120,0,2,0
613,3,Car,1,150,95,1,1,2,0
613,3,SM,0,92,108,30,1,2,0
613,3,Train,0,164,108,120,1,2,0
614,3,Car,0,190,115,1,1,2,1
614,3,SM,1,63,156,30,1,2,1
614,3,Train,0,236,148,120,1,2,1
615,3,Car,1,170,84,1,1,2,1
615,3,SM,0,89,123,10,1,2,1
615,3,Train,0,222,108,30,1,2,1
616,3,Car,0,286,135,1,1,2,1
616,3,SM,1,80,177,20,1,2,1
616,3,Train,0,247,154,120,1,2,1
617,3,Car,0,90,48,1,1,3,1
617,3,SM,1,53,86,10,1,3,1
617,3,Train,0,125,76,30,1,3,1
618,3,Car,0,273,135,1,1,3,1
618,3,SM,1,71,165,20,1,3,1
618,3,Train,0,200,148,120,1,3,1
620,3,Car,0,90,56,1,1,2,1
620,3,SM,1,41,83,10,1,2,1
620,3,Train,0,106,70,30,1,2,1
621,3,Car,0,80,55,1,1,2,1
621,3,SM,1,40,80,30,1,2,1
621,3,Train,0,116,74,120,1,2,1
622,3,Car,1,170,100,1,1,3,1
622,3,SM,0,68,132,30,1,3,1
622,3,Train,0,216,127,120,1,3,1
624,3,Car,1,130,68,1,1,3,1
624,3,SM,0,80,98,10,1,3,1
624,3,Train,0,132,83,30,1,3,1
625,3,Car,0,200,120,1,1,3,1
625,3,SM,1,100,139,30,1,3,1
625,3,Train,0,255,130,120,1,3,1
626,3,Car,0,130,100,1,0,1,1
626,3,SM,1,83,108,30,0,1,1
626,3,Train,0,190,103,120,0,1,1
627,3,Car,1,195,90,1,1,2,1
627,3,SM,0,128,156,20,1,2,1
627,3,Train,0,233,137,120,1,2,1
628,3,Car,0,120,85,1,1,2,1
628,3,SM,1,44,99,30,1,2,1
628,3,Train,0,146,96,120,1,2,1
629,3,Car,1,110,75,1,1,2,1
629,3,SM,0,68,103,30,1,2,1
629,3,Train,0,149,100,120,1,2,1
630,3,Car,1,143,65,1,1,2,1
630,3,SM,0,124,123,20,1,2,1
630,3,Train,0,179,114,120,1,2,1
631,3,Car,0,210,130,1,1,2,1
631,3,SM,1,70,139,30,1,2,1
631,3,Train,0,214,127,120,1,2,1
632,3,Car,0,221,95,1,1,2,1
632,3,SM,1,65,149,20,1,2,1
632,3,Train,0,173,130,120,1,2,1
633,3,Car,0,260,140,1,1,2,1
633,3,SM,1,80,177,20,1,2,1
633,3,Train,0,247,154,120,1,2,1
634,3,Car,0,150,105,1,1,2,1
634,3,SM,1,120,114,30,1,2,1
634,3,Train,0,214,114,120,1,2,1
635,3,Car,1,50,20,1,1,3,1
635,3,SM,0,70,58,10,1,3,1
635,3,Train,0,105,42,30,1,3,1
636,3,Car,1,110,65,1,0,2,1
636,3,SM,0,74,103,30,0,2,1
636,3,Train,0,156,100,120,0,2,1
637,3,Car,1,100,65,1,1,2,1
637,3,SM,0,91,99,30,1,2,1
637,3,Train,0,172,100,120,1,2,1
638,3,Car,1,170,100,1,1,2,1
638,3,SM,0,82,139,30,1,2,1
638,3,Train,0,239,130,120,1,2,1
639,3,Car,1,140,76,1,1,2,1
639,3,SM,0,69,111,10,1,2,1
639,3,Train,0,205,98,30,1,2,1
640,3,Car,0,286,130,1,1,2,1
640,3,SM,1,114,182,20,1,2,1
640,3,Train,0,251,154,120,1,2,1
641,3,Car,1,70,36,1,1,3,1
641,3,SM,0,67,90,10,1,3,1
641,3,Train,0,118,52,30,1,3,1
642,3,Car,1,170,105,1,1,2,1
642,3,SM,0,74,144,30,1,2,1
642,3,Train,0,224,133,120,1,2,1
643,3,Car,1,110,52,1,1,3,1
643,3,SM,0,112,95,10,1,3,1
643,3,Train,0,188,86,30,1,3,1
644,3,Car,1,150,130,1,1,3,1
644,3,SM,0,102,132,30,1,3,1
644,3,Train,0,263,127,120,1,3,1
645,3,Car,0,247,120,1,1,3,1
645,3,SM,1,71,165,20,1,3,1
645,3,Train,0,200,148,120,1,3,1
646,3,Car,0,220,145,1,1,3,1
646,3,SM,1,115,172,30,1,3,1
646,3,Train,0,300,158,120,1,3,1
647,3,Car,1,221,105,1,0,2,1
647,3,SM,0,59,144,20,0,2,1
647,3,Train,0,167,124,120,0,2,1
648,3,Car,0,143,75,1,1,3,1
648,3,SM,1,51,99,20,1,3,1
648,3,Train,0,106,91,120,1,3,1
649,3,Car,1,140,64,1,1,1,.5
649,3,SM,0,133,116,10,1,1,.5
649,3,Train,0,248,95,30,1,1,.5
650,3,Car,1,190,125,1,1,3,.5
650,3,SM,0,190,161,30,1,3,.5
650,3,Train,0,354,154,120,1,3,.5
651,3,Car,1,273,155,1,1,2,.5
651,3,SM,0,71,165,20,1,2,.5
651,3,Train,0,200,148,120,1,2,.5
652,3,Car,1,210,100,1,1,3,.5
652,3,SM,0,81,139,10,1,3,.5
652,3,Train,0,236,123,30,1,3,.5
654,3,Car,1,130,65,1,1,2,.5
654,3,SM,0,112,99,30,1,2,.5
654,3,Train,0,200,100,120,1,2,.5
655,3,Car,0,170,84,1,1,3,0
655,3,SM,1,77,14,10,1,3,0
655,3,Train,0,210,12,30,1,3,0
668,3,Car,1,117,60,1,1,2,0
668,3,SM,0,37,84,20,1,2,0
668,3,Train,0,92,72,120,1,2,0
669,3,Car,0,200,115,1,1,2,0
669,3,SM,1,97,127,30,1,2,0
669,3,Train,0,251,116,120,1,2,0
670,3,Car,0,117,65,1,1,3,0
670,3,SM,1,37,84,20,1,3,0
670,3,Train,0,92,72,120,1,3,0
671,3,Car,0,80,48,1,1,3,0
671,3,SM,1,41,71,10,1,3,0
671,3,Train,0,106,60,30,1,3,0
672,3,Car,0,143,65,1,1,3,0
672,3,SM,1,195,88,20,1,3,0
672,3,Train,0,248,85,120,1,3,0
673,3,Car,0,180,140,1,1,3,0
673,3,SM,1,93,118,30,1,3,0
673,3,Train,0,240,110,120,1,3,0
674,3,Car,0,110,70,1,1,2,0
674,3,SM,1,73,78,30,1,2,0
674,3,Train,0,150,78,120,1,2,0
675,3,Car,0,130,75,1,1,3,0
675,3,SM,1,74,88,30,1,3,0
675,3,Train,0,156,85,120,1,3,0
676,3,Car,0,208,160,1,1,3,0
676,3,SM,1,142,105,20,1,3,0
676,3,Train,0,197,101,120,1,3,0
677,3,Car,0,110,80,1,1,3,0
677,3,SM,1,44,84,30,1,3,0
677,3,Train,0,146,82,120,1,3,0
678,3,Car,1,180,104,1,1,3,0
678,3,SM,0,180,97,10,1,3,0
678,3,Train,0,297,90,30,1,3,0
679,3,Car,0,351,190,1,1,3,0
679,3,SM,1,95,174,20,1,3,0
679,3,Train,0,283,146,120,1,3,0
680,3,Car,1,170,84,1,1,2,0
680,3,SM,0,197,97,10,1,2,0
680,3,Train,0,273,90,30,1,2,0
681,3,Car,0,325,145,1,1,1,0
681,3,SM,1,184,146,20,1,1,0
681,3,Train,0,290,131,120,1,1,0
682,3,Car,0,299,150,1,1,2,0
682,3,SM,1,85,146,20,1,2,0
682,3,Train,0,214,131,120,1,2,0
683,3,Car,0,130,65,1,0,3,0
683,3,SM,1,62,88,20,0,3,0
683,3,Train,0,117,82,120,0,3,0
684,3,Car,1,170,84,1,1,2,0
684,3,SM,0,177,105,10,1,2,0
684,3,Train,0,274,97,30,1,2,0
685,3,Car,0,110,60,1,1,3,0
685,3,SM,1,100,81,10,1,3,0
685,3,Train,0,181,74,30,1,3,0
686,3,Car,0,300,160,1,1,3,0
686,3,SM,1,115,146,30,1,3,0
686,3,Train,0,300,134,120,1,3,0
687,3,Car,0,190,130,1,1,2,0
687,3,SM,1,63,133,30,1,2,0
687,3,Train,0,236,126,120,1,2,0
688,3,Car,0,170,124,1,1,3,0
688,3,SM,1,132,105,10,1,3,0
688,3,Train,0,276,92,30,1,3,0
689,3,Car,0,230,120,1,1,3,0
689,3,SM,1,95,150,30,1,3,0
689,3,Train,0,323,134,120,1,3,0
690,3,Car,1,90,40,1,1,2,1
690,3,SM,0,50,71,10,1,2,1
690,3,Train,0,119,60,30,1,2,1
691,3,Car,0,170,110,1,1,2,1
691,3,SM,1,82,118,30,1,2,1
691,3,Train,0,237,110,120,1,2,1
692,3,Car,0,221,105,1,1,2,1
692,3,SM,1,64,122,20,1,2,1
692,3,Train,0,172,106,120,1,2,1
693,3,Car,0,150,100,1,1,2,1
693,3,SM,1,59,118,30,1,2,1
693,3,Train,0,206,110,120,1,2,1
694,3,Car,0,260,120,1,1,3,1
694,3,SM,1,113,140,20,1,3,1
694,3,Train,0,221,126,120,1,3,1
695,3,Car,1,100,65,1,1,3,1
695,3,SM,0,50,88,30,1,3,1
695,3,Train,0,128,85,120,1,3,1
696,3,Car,0,195,95,1,1,3,1
696,3,SM,1,110,105,20,1,3,1
696,3,Train,0,160,97,120,1,3,1
697,3,Car,0,260,110,1,1,3,1
697,3,SM,1,148,112,20,1,3,1
697,3,Train,0,189,106,120,1,3,1
698,3,Car,0,210,130,1,1,3,1
698,3,SM,1,196,140,30,1,3,1
698,3,Train,0,372,131,120,1,3,1
699,3,Car,0,270,144,1,1,3,1
699,3,SM,1,109,140,10,1,3,1
699,3,Train,0,336,122,30,1,3,1
700,3,Car,0,140,75,1,1,3,1
700,3,SM,1,97,94,30,1,3,1
700,3,Train,0,178,94,120,1,3,1
702,3,Car,0,150,76,1,1,2,1
702,3,SM,1,88,97,10,1,2,1
702,3,Train,0,230,88,30,1,2,1
703,3,Car,1,220,100,1,1,2,1
703,3,SM,0,205,118,10,1,2,1
703,3,Train,0,350,109,30,1,2,1
704,3,Car,1,110,60,1,1,3,1
704,3,SM,0,80,78,10,1,3,1
704,3,Train,0,150,71,30,1,3,1
705,3,Car,0,90,48,1,1,3,1
705,3,SM,1,41,71,10,1,3,1
705,3,Train,0,106,60,30,1,3,1
706,3,Car,1,100,48,1,1,3,1
706,3,SM,0,97,84,10,1,3,1
706,3,Train,0,174,78,30,1,3,1
707,3,Car,0,100,60,1,1,3,1
707,3,SM,1,67,84,30,1,3,1
707,3,Train,0,141,82,120,1,3,1
708,3,Car,1,80,36,1,1,3,1
708,3,SM,0,58,76,10,1,3,1
708,3,Train,0,125,58,30,1,3,1
709,3,Car,0,160,95,1,1,3,1
709,3,SM,1,171,118,30,1,3,1
709,3,Train,0,269,116,120,1,3,1
710,3,Car,0,286,130,1,1,3,1
710,3,SM,1,49,183,20,1,3,1
710,3,Train,0,125,175,120,1,3,1
711,3,Car,0,195,105,1,1,3,1
711,3,SM,1,83,105,20,1,3,1
711,3,Train,0,159,97,120,1,3,1
712,3,Car,0,220,108,1,1,3,1
712,3,SM,1,131,122,10,1,3,1
712,3,Train,0,292,109,30,1,3,1
713,3,Car,0,150,84,1,1,3,1
713,3,SM,1,112,105,10,1,3,1
713,3,Train,0,249,90,30,1,3,1
714,3,Car,0,195,90,1,1,3,1
714,3,SM,1,114,122,20,1,3,1
714,3,Train,0,227,106,120,1,3,1
715,3,Car,1,140,68,1,1,3,1
715,3,SM,0,149,78,10,1,3,1
715,3,Train,0,231,74,30,1,3,1
716,3,Car,0,150,90,1,1,3,1
716,3,SM,1,81,109,30,1,3,1
716,3,Train,0,222,101,120,1,3,1
717,3,Car,1,100,52,1,1,3,1
717,3,SM,0,81,68,10,1,3,1
717,3,Train,0,154,60,30,1,3,1
718,3,Car,0,286,125,1,1,3,1
718,3,SM,1,80,150,20,1,3,1
718,3,Train,0,247,131,120,1,3,1
719,3,Car,0,240,140,1,1,3,1
719,3,SM,1,141,155,30,1,3,1
719,3,Train,0,336,134,120,1,3,1
720,3,Car,0,260,96,1,1,3,1
720,3,SM,1,131,140,10,1,3,1
720,3,Train,0,326,122,30,1,3,1
721,3,Car,0,210,120,1,1,3,1
721,3,SM,1,132,122,10,1,3,1
721,3,Train,0,293,109,30,1,3,1
722,3,Car,0,240,140,1,1,3,1
722,3,SM,1,109,127,30,1,3,1
722,3,Train,0,263,126,120,1,3,1
723,3,Car,0,208,120,1,1,3,1
723,3,SM,1,92,127,20,1,3,1
723,3,Train,0,200,113,120,1,3,1
724,3,Car,0,180,120,1,1,3,1
724,3,SM,1,68,122,30,1,3,1
724,3,Train,0,216,116,120,1,3,1
725,3,Car,0,104,45,1,1,3,1
725,3,SM,1,34,65,20,1,3,1
725,3,Train,0,89,53,120,1,3,1
726,3,Car,0,156,85,1,1,3,1
726,3,SM,1,102,90,20,1,3,1
726,3,Train,0,157,89,120,1,3,1
727,3,Car,0,190,115,1,1,3,1
727,3,SM,1,160,133,30,1,3,1
727,3,Train,0,314,126,120,1,3,1
728,3,Car,0,210,120,1,1,3,1
728,3,SM,1,81,118,10,1,3,1
728,3,Train,0,236,105,30,1,3,1
729,3,Car,0,210,165,1,1,3,1
729,3,SM,1,63,133,30,1,3,1
729,3,Train,0,236,126,120,1,3,1
730,3,Car,0,234,110,1,1,3,1
730,3,SM,1,95,127,20,1,3,1
730,3,Train,0,203,110,120,1,3,1
731,3,Car,0,160,110,1,1,3,1
731,3,SM,1,99,118,30,1,3,1
731,3,Train,0,245,110,120,1,3,1
732,3,Car,0,120,75,1,1,3,1
732,3,SM,1,76,88,30,1,3,1
732,3,Train,0,152,85,120,1,3,1
733,3,Car,0,120,64,1,1,3,1
733,3,SM,1,55,76,10,1,3,1
733,3,Train,0,146,68,30,1,3,1
734,3,Car,0,234,115,1,1,3,1
734,3,SM,1,86,133,20,1,3,1
734,3,Train,0,194,116,120,1,3,1
735,3,Car,1,220,125,1,1,3,1
735,3,SM,0,71,140,30,1,3,1
735,3,Train,0,292,131,120,1,3,1
736,3,Car,0,200,135,1,1,3,1
736,3,SM,1,71,140,30,1,3,1
736,3,Train,0,292,131,120,1,3,1
737,3,Car,0,170,120,1,1,3,1
737,3,SM,1,120,105,30,1,3,1
737,3,Train,0,231,101,120,1,3,1
738,3,Car,0,208,105,1,1,3,1
738,3,SM,1,70,122,20,1,3,1
738,3,Train,0,178,106,120,1,3,1
739,3,Car,0,182,85,1,0,3,1
739,3,SM,1,107,90,20,0,3,1
739,3,Train,0,162,89,120,0,3,1
740,3,Car,0,170,105,1,1,3,1
740,3,SM,1,81,118,30,1,3,1
740,3,Train,0,238,110,120,1,3,1
741,3,Car,0,140,95,1,1,3,1
741,3,SM,1,77,112,30,1,3,1
741,3,Train,0,195,97,120,1,3,1
742,3,Car,0,140,68,1,1,2,1
742,3,SM,1,133,92,10,1,2,1
742,3,Train,0,196,76,30,1,2,1
743,3,Car,0,170,120,1,1,3,1
743,3,SM,1,50,112,30,1,3,1
743,3,Train,0,193,106,120,1,3,1
744,3,Car,1,90,60,1,1,3,1
744,3,SM,0,34,78,30,1,3,1
744,3,Train,0,106,72,120,1,3,1
745,3,Car,1,143,80,1,1,3,1
745,3,SM,0,113,105,20,1,3,1
745,3,Train,0,168,94,120,1,3,1
746,3,Car,1,210,135,1,0,3,1
746,3,SM,0,93,146,30,0,3,1
746,3,Train,0,283,126,120,0,3,1
747,3,Car,0,110,68,1,1,3,1
747,3,SM,1,59,76,10,1,3,1
747,3,Train,0,130,68,30,1,3,1
748,3,Car,1,140,80,1,1,3,1
748,3,SM,0,112,84,10,1,3,1
748,3,Train,0,177,78,30,1,3,1
749,3,Car,0,104,50,1,1,3,1
749,3,SM,1,37,84,20,1,3,1
749,3,Train,0,92,72,120,1,3,1
750,3,Car,0,150,90,1,1,3,1
750,3,SM,1,165,112,30,1,3,1
750,3,Train,0,253,110,120,1,3,1
751,3,Car,0,190,112,1,1,3,1
751,3,SM,1,81,118,10,1,3,1
751,3,Train,0,236,105,30,1,3,1
752,3,Car,0,200,115,1,1,3,1
752,3,SM,1,63,137,30,1,3,1
752,3,Train,0,236,126,120,1,3,1
753,3,Car,0,90,40,1,0,2,1
753,3,SM,1,91,76,10,0,2,1
753,3,Train,0,170,68,30,0,2,1
754,3,Car,0,170,80,1,1,2,1
754,3,SM,1,151,97,10,1,2,1
754,3,Train,0,233,90,30,1,2,1
755,3,Car,0,160,95,1,1,2,1
755,3,SM,1,91,118,30,1,2,1
755,3,Train,0,237,110,120,1,2,1
756,3,Car,0,200,88,1,1,2,1
756,3,SM,1,73,105,10,1,2,1
756,3,Train,0,206,92,30,1,2,1
757,3,Car,0,200,88,1,1,2,1
757,3,SM,1,141,109,10,1,2,1
757,3,Train,0,277,99,30,1,2,1
758,3,Car,0,180,105,1,1,3,1
758,3,SM,1,101,105,30,1,3,1
758,3,Train,0,185,101,120,1,3,1
760,3,Car,0,160,105,1,1,2,1
760,3,SM,1,83,118,30,1,2,1
760,3,Train,0,240,108,120,1,2,1
761,3,Car,0,210,135,1,1,2,1
761,3,SM,1,140,140,30,1,2,1
761,3,Train,0,299,134,120,1,2,1
762,3,Car,0,100,60,1,1,2,1
762,3,SM,1,83,78,30,1,2,1
762,3,Train,0,163,78,120,1,2,1
763,3,Car,0,270,136,1,1,2,1
763,3,SM,1,109,140,10,1,2,1
763,3,Train,0,336,122,30,1,2,1
764,3,Car,1,208,135,1,1,3,1
764,3,SM,0,88,127,20,1,3,1
764,3,Train,0,196,110,120,1,3,1
765,3,Car,0,90,44,1,1,3,1
765,3,SM,1,46,71,10,1,3,1
765,3,Train,0,114,65,30,1,3,1
766,3,Car,1,90,44,1,1,3,1
766,3,SM,0,73,78,10,1,3,1
766,3,Train,0,147,71,30,1,3,1
767,3,Car,1,110,56,1,1,3,1
767,3,SM,0,99,84,10,1,3,1
767,3,Train,0,180,78,30,1,3,1
768,3,Car,0,190,92,1,1,3,1
768,3,SM,1,127,84,10,1,3,1
768,3,Train,0,209,81,30,1,3,1
769,3,Car,0,195,115,1,1,3,1
769,3,SM,1,86,105,20,1,3,1
769,3,Train,0,162,94,120,1,3,1
770,3,Car,0,150,80,1,1,3,1
770,3,SM,1,126,84,10,1,3,1
770,3,Train,0,229,76,30,1,3,1
771,3,Car,1,208,80,1,1,3,1
771,3,SM,0,116,99,20,1,3,1
771,3,Train,0,159,94,120,1,3,1
772,3,Car,0,247,140,1,1,3,1
772,3,SM,1,103,137,20,1,3,1
772,3,Train,0,207,126,120,1,3,1
773,3,Car,1,170,88,1,1,3,1
773,3,SM,0,167,109,10,1,3,1
773,3,Train,0,315,94,30,1,3,1
774,3,Car,0,180,92,1,1,3,1
774,3,SM,1,95,109,10,1,3,1
774,3,Train,0,231,97,30,1,3,1
775,3,Car,0,338,120,1,1,3,1
775,3,SM,1,80,150,20,1,3,1
775,3,Train,0,247,131,120,1,3,1
777,3,Car,1,110,65,1,1,2,1
777,3,SM,0,70,90,30,1,2,1
777,3,Train,0,154,89,120,1,2,1
778,3,Car,0,170,115,1,1,2,1
778,3,SM,1,81,118,30,1,2,1
778,3,Train,0,238,110,120,1,2,1
779,3,Car,1,180,80,1,1,2,1
779,3,SM,0,78,97,10,1,2,1
779,3,Train,0,218,84,30,1,2,1
780,3,Car,0,170,105,1,1,2,1
780,3,SM,1,143,122,30,1,2,1
780,3,Train,0,241,119,120,1,2,1
781,3,Car,0,104,55,1,1,2,1
781,3,SM,1,59,76,20,1,2,1
781,3,Train,0,114,67,120,1,2,1
782,3,Car,1,260,125,1,1,3,1
782,3,SM,0,85,146,20,1,3,1
782,3,Train,0,214,126,120,1,3,1
783,3,Car,0,90,48,1,1,3,1
783,3,SM,0,66,76,10,1,3,1
783,3,Train,1,138,68,30,1,3,1
784,3,Car,0,143,65,1,1,3,1
784,3,SM,1,91,92,20,1,3,1
784,3,Train,0,146,85,120,1,3,1
785,3,Car,1,150,72,1,1,3,1
785,3,SM,0,106,105,10,1,3,1
785,3,Train,0,242,90,30,1,3,1
786,3,Car,0,377,205,1,1,3,1
786,3,SM,1,126,183,20,1,3,1
786,3,Train,0,314,160,120,1,3,1
787,3,Car,0,195,105,1,1,3,1
787,3,SM,1,147,112,20,1,3,1
787,3,Train,0,202,106,120,1,3,1
788,3,Car,1,195,90,1,1,3,1
788,3,SM,0,68,118,20,1,3,1
788,3,Train,0,181,101,120,1,3,1
789,3,Car,1,140,95,1,1,2,1
789,3,SM,0,139,90,30,1,2,1
789,3,Train,0,212,91,120,1,2,1
790,3,Car,0,208,100,1,1,3,1
790,3,SM,1,108,127,20,1,3,1
790,3,Train,0,221,113,120,1,3,1
791,3,Car,0,220,145,1,1,3,1
791,3,SM,1,139,161,30,1,3,1
791,3,Train,0,378,146,120,1,3,1
792,3,Car,0,221,130,1,1,3,1
792,3,SM,1,81,133,20,1,3,1
792,3,Train,0,189,113,120,1,3,1
795,3,Car,0,90,60,1,1,3,1
795,3,SM,1,34,78,30,1,3,1
795,3,Train,0,106,72,120,1,3,1
796,3,Car,0,210,132,1,1,3,1
796,3,SM,1,128,105,10,1,3,1
796,3,Train,0,260,94,30,1,3,1
797,3,Car,0,260,130,1,1,3,1
797,3,SM,0,68,146,20,1,3,1
797,3,Train,1,197,126,120,1,3,1
798,3,Car,0,270,150,1,0,2,1
798,3,SM,1,84,165,30,0,2,1
798,3,Train,0,336,146,120,0,2,1
799,3,Car,0,200,130,1,1,2,.5
799,3,SM,1,77,137,30,1,2,.5
799,3,Train,0,255,126,120,1,2,.5
800,3,Car,1,200,150,1,1,3,.5
800,3,SM,0,153,127,30,1,3,.5
800,3,Train,0,313,116,120,1,3,.5
801,3,Car,0,117,65,1,1,3,.5
801,3,SM,1,37,84,20,1,3,.5
801,3,Train,0,92,72,120,1,3,.5
802,3,Car,0,220,128,1,1,3,.5
802,3,SM,1,98,118,10,1,3,.5
802,3,Train,0,253,105,30,1,3,.5
803,3,Car,0,200,120,1,1,3,.5
803,3,SM,1,103,122,10,1,3,.5
803,3,Train,0,264,109,30,1,3,.5
804,3,Car,0,250,124,1,1,3,.5
804,3,SM,1,163,122,10,1,3,.5
804,3,Train,0,308,109,30,1,3,.5
805,3,Car,0,200,100,1,1,2,.5
805,3,SM,1,82,109,10,1,2,.5
805,3,Train,0,216,97,30,1,2,.5
806,3,Car,0,170,105,1,0,3,.5
806,3,SM,1,50,112,30,0,3,.5
806,3,Train,0,193,106,120,0,3,.5
807,3,Car,0,221,105,1,0,1,.5
807,3,SM,1,56,118,20,0,1,.5
807,3,Train,0,164,106,120,0,1,.5
808,3,Car,1,100,48,1,1,2,.5
808,3,SM,0,57,78,10,1,2,.5
808,3,Train,0,128,71,30,1,2,.5
809,3,Car,0,90,50,1,1,3,.5
809,3,SM,1,34,78,30,1,3,.5
809,3,Train,0,106,72,120,1,3,.5
810,3,Car,0,130,70,1,1,3,.5
810,3,SM,1,81,78,20,1,3,.5
810,3,Train,0,136,72,120,1,3,.5
811,3,Car,1,130,72,1,1,3,.5
811,3,SM,0,83,105,10,1,3,.5
811,3,Train,0,203,74,30,1,3,.5
812,3,Car,0,221,105,1,1,2,.5
812,3,SM,1,56,118,20,1,2,.5
812,3,Train,0,164,106,120,1,2,.5
813,3,Car,1,110,44,1,1,2,.5
813,3,SM,0,79,81,10,1,2,.5
813,3,Train,0,153,74,30,1,2,.5
814,3,Car,1,150,76,1,1,2,.5
814,3,SM,0,127,105,10,1,2,.5
814,3,Train,0,228,90,30,1,2,.5
815,3,Car,0,143,50,1,0,1,.5
815,3,SM,1,94,97,20,0,1,.5
815,3,Train,0,149,91,120,0,1,.5
816,3,Car,1,100,65,1,1,2,.5
816,3,SM,0,86,88,30,1,2,.5
816,3,Train,0,166,85,120,1,2,.5
817,3,Car,0,190,140,1,1,2,.5
817,3,SM,1,113,127,30,1,2,.5
817,3,Train,0,270,119,120,1,2,.5
818,3,Car,0,170,115,1,1,2,.5
818,3,SM,1,74,122,30,1,2,.5
818,3,Train,0,224,113,120,1,2,.5
819,3,Car,0,90,70,1,1,3,.5
819,3,SM,1,34,78,30,1,3,.5
819,3,Train,0,106,72,120,1,3,.5
820,3,Car,1,90,60,1,1,3,.5
820,3,SM,0,46,71,10,1,3,.5
820,3,Train,0,114,65,30,1,3,.5
821,3,Car,0,156,60,1,1,3,.5
821,3,SM,1,45,88,20,1,3,.5
821,3,Train,0,100,78,120,1,3,.5
822,3,Car,1,100,48,1,1,3,.5
822,3,SM,0,70,78,10,1,3,.5
822,3,Train,0,118,56,30,1,3,.5
823,3,Car,0,260,132,1,1,3,.5
823,3,SM,1,92,122,10,1,3,.5
823,3,Train,0,292,109,30,1,3,.5
824,3,Car,1,260,140,1,1,3,.5
824,3,SM,0,80,150,20,1,3,.5
824,3,Train,0,247,131,120,1,3,.5
825,3,Car,0,170,110,1,1,3,.5
825,3,SM,1,63,112,30,1,3,.5
825,3,Train,0,210,106,120,1,3,.5
826,3,Car,0,247,125,1,1,3,.5
826,3,SM,1,117,118,20,1,3,.5
826,3,Train,0,193,108,120,1,3,.5
827,3,Car,1,120,56,1,1,3,.5
827,3,SM,0,68,74,10,1,3,.5
827,3,Train,0,141,65,30,1,3,.5
828,3,Car,0,150,84,1,1,3,.5
828,3,SM,1,116,81,10,1,3,.5
828,3,Train,0,200,76,30,1,3,.5
829,3,Car,0,280,220,1,1,3,.5
829,3,SM,1,106,150,30,1,3,.5
829,3,Train,0,335,134,120,1,3,.5
830,3,Car,0,270,160,1,1,3,.5
830,3,SM,1,103,168,30,1,3,.5
830,3,Train,0,324,146,120,1,3,.5
837,3,Car,0,170,95,1,1,2,0
837,3,SM,1,50,225,30,1,2,0
837,3,Train,0,193,211,120,1,2,0
838,3,Car,1,200,104,1,1,3,0
838,3,SM,0,64,194,10,1,3,0
838,3,Train,0,193,176,30,1,3,0
839,3,Car,0,170,96,1,1,3,0
839,3,SM,1,96,198,10,1,3,0
839,3,Train,0,225,176,30,1,3,0
840,3,Car,0,190,150,1,1,2,0
840,3,SM,1,63,266,30,1,2,0
840,3,Train,0,236,252,120,1,2,0
841,3,Car,0,260,132,1,1,3,0
841,3,SM,1,205,266,10,1,3,0
841,3,Train,0,373,237,30,1,3,0
842,3,Car,0,120,64,1,1,2,0
842,3,SM,1,55,153,10,1,2,0
842,3,Train,0,146,136,30,1,2,0
844,3,Car,0,260,125,1,1,3,0
844,3,SM,1,167,237,20,1,3,0
844,3,Train,0,243,221,120,1,3,0
845,3,Car,1,150,80,1,1,3,0
845,3,SM,0,130,194,10,1,3,0
845,3,Train,0,215,181,30,1,3,0
846,3,Car,0,182,85,1,1,2,0
846,3,SM,1,113,210,20,1,2,0
846,3,Train,0,162,194,120,1,2,0
847,3,Car,1,210,120,1,1,1,0
847,3,SM,0,63,266,30,1,1,0
847,3,Train,0,236,252,120,1,1,0
848,3,Car,0,195,80,1,1,2,1
848,3,SM,1,87,245,20,1,2,1
848,3,Train,0,195,221,120,1,2,1
849,3,Car,1,90,44,1,1,2,1
849,3,SM,0,66,155,10,1,2,1
849,3,Train,0,138,142,30,1,2,1
850,3,Car,1,140,90,1,1,2,1
850,3,SM,0,108,237,30,1,2,1
850,3,Train,0,231,203,120,1,2,1
851,3,Car,0,100,52,1,1,3,1
851,3,SM,1,67,147,10,1,3,1
851,3,Train,0,140,130,30,1,3,1
852,3,Car,1,80,44,1,1,3,1
852,3,SM,0,41,142,10,1,3,1
852,3,Train,0,106,119,30,1,3,1
853,3,Car,1,117,65,1,1,3,1
853,3,SM,0,37,167,20,1,3,1
853,3,Train,0,92,143,120,1,3,1
854,3,Car,1,130,85,1,1,3,1
854,3,SM,0,69,184,30,1,3,1
854,3,Train,0,178,176,120,1,3,1
855,3,Car,1,120,75,1,1,3,1
855,3,SM,0,78,184,30,1,3,1
855,3,Train,0,161,184,120,1,3,1
856,3,Car,0,160,115,1,1,3,1
856,3,SM,1,84,225,30,1,3,1
856,3,Train,0,234,211,120,1,3,1
857,3,Car,0,320,185,1,1,3,1
857,3,SM,1,84,330,30,1,3,1
857,3,Train,0,336,294,120,1,3,1
858,3,Car,1,120,60,1,1,3,1
858,3,SM,0,114,147,10,1,3,1
858,3,Train,0,189,136,30,1,3,1
859,3,Car,1,90,55,1,1,2,1
859,3,SM,0,52,167,30,1,2,1
859,3,Train,0,123,156,120,1,2,1
860,3,Car,0,117,60,1,1,3,1
860,3,SM,1,47,176,20,1,3,1
860,3,Train,0,102,163,120,1,3,1
861,3,Car,1,104,55,1,1,3,1
861,3,SM,0,57,176,20,1,3,1
861,3,Train,0,112,163,120,1,3,1
862,3,Car,1,180,108,1,1,3,1
862,3,SM,0,148,210,10,1,3,1
862,3,Train,0,298,184,30,1,3,1
863,3,Car,0,182,75,1,1,3,1
863,3,SM,1,93,194,20,1,3,1
863,3,Train,0,145,184,120,1,3,1
864,3,Car,1,100,40,1,1,3,1
864,3,SM,0,94,162,10,1,3,1
864,3,Train,0,174,147,30,1,3,1
865,3,Car,0,130,65,1,1,3,1
865,3,SM,1,53,184,20,1,3,1
865,3,Train,0,108,170,120,1,3,1
866,3,Car,1,70,36,1,1,3,1
866,3,SM,0,67,153,10,1,3,1
866,3,Train,0,118,89,30,1,3,1
867,3,Car,0,120,80,1,1,3,1
867,3,SM,1,134,176,30,1,3,1
867,3,Train,0,215,176,120,1,3,1
868,3,Car,0,250,150,1,1,3,1
868,3,SM,1,125,301,30,1,3,1
868,3,Train,0,308,284,120,1,3,1
869,3,Car,0,210,110,1,1,3,1
869,3,SM,1,115,237,30,1,3,1
869,3,Train,0,275,221,120,1,3,1
870,3,Car,1,160,88,1,1,3,1
870,3,SM,0,151,181,10,1,3,1
870,3,Train,0,237,169,30,1,3,1
871,3,Car,0,200,130,1,1,3,1
871,3,SM,1,85,281,30,1,3,1
871,3,Train,0,264,262,120,1,3,1
873,3,Car,1,169,85,1,1,2,1
873,3,SM,0,186,169,20,1,2,1
873,3,Train,0,241,170,120,1,2,1
874,3,Car,1,170,125,1,1,2,1
874,3,SM,0,130,218,30,1,2,1
874,3,Train,0,251,211,120,1,2,1
875,3,Car,1,100,44,1,1,3,1
875,3,SM,0,62,147,10,1,3,1
875,3,Train,0,126,136,30,1,3,1
876,3,Car,1,160,84,1,1,3,1
876,3,SM,0,104,218,10,1,3,1
876,3,Train,0,249,189,30,1,3,1
877,3,Car,1,100,55,1,1,3,1
877,3,SM,0,148,167,30,1,3,1
877,3,Train,0,239,170,120,1,3,1
878,3,Car,0,180,100,1,1,3,1
878,3,SM,1,114,218,10,1,3,1
878,3,Train,0,252,194,30,1,3,1
879,3,Car,0,170,110,1,1,3,1
879,3,SM,1,78,237,30,1,3,1
879,3,Train,0,226,217,120,1,3,1
880,3,Car,0,150,95,1,1,3,1
880,3,SM,1,59,237,30,1,3,1
880,3,Train,0,206,221,120,1,3,1
881,3,Car,1,140,68,1,1,3,1
881,3,SM,0,122,167,10,1,3,1
881,3,Train,0,208,155,30,1,3,1
882,3,Car,1,273,135,1,1,3,1
882,3,SM,0,71,281,20,1,3,1
882,3,Train,0,200,252,120,1,3,1
883,3,Car,0,273,135,1,1,3,1
883,3,SM,1,71,281,20,1,3,1
883,3,Train,0,200,252,120,1,3,1
884,3,Car,1,110,80,1,1,3,1
884,3,SM,0,102,169,30,1,3,1
884,3,Train,0,204,163,120,1,3,1
885,3,Car,1,140,104,1,1,2,1
885,3,SM,0,91,194,10,1,2,1
885,3,Train,0,195,162,30,1,2,1
886,3,Car,0,221,105,1,1,3,1
886,3,SM,1,56,237,20,1,3,1
886,3,Train,0,164,211,120,1,3,1
887,3,Car,1,220,145,1,1,3,1
887,3,SM,0,83,274,30,1,3,1
887,3,Train,0,262,252,120,1,3,1
888,3,Car,1,120,85,1,1,3,1
888,3,SM,0,64,189,30,1,3,1
888,3,Train,0,172,184,120,1,3,1
889,3,Car,1,140,68,1,1,3,1
889,3,SM,0,69,189,10,1,3,1
889,3,Train,0,205,167,30,1,3,1
890,3,Car,0,240,160,1,1,3,1
890,3,SM,1,109,281,10,1,3,1
890,3,Train,0,336,245,30,1,3,1
891,3,Car,0,221,125,1,1,3,1
891,3,SM,1,65,254,20,1,3,1
891,3,Train,0,173,221,120,1,3,1
892,3,Car,0,160,105,1,1,3,1
892,3,SM,1,130,210,30,1,3,1
892,3,Train,0,226,211,120,1,3,1
893,3,Car,0,210,165,1,1,3,1
893,3,SM,1,63,266,30,1,3,1
893,3,Train,0,236,252,120,1,3,1
894,3,Car,1,273,140,1,0,3,1
894,3,SM,0,167,281,20,0,3,1
894,3,Train,0,271,252,120,0,3,1
895,3,Car,1,200,92,1,1,2,1
895,3,SM,0,131,218,10,1,2,1
895,3,Train,0,275,194,30,1,2,1
896,3,Car,1,100,40,1,1,2,1
896,3,SM,0,97,155,10,1,2,1
896,3,Train,0,176,142,30,1,2,1
897,3,Car,1,150,72,1,1,2,1
897,3,SM,0,113,162,10,1,2,1
897,3,Train,0,195,153,30,1,2,1
898,3,Car,0,210,108,1,1,3,1
898,3,SM,1,81,237,10,1,3,1
898,3,Train,0,236,210,30,1,3,1
899,3,Car,1,150,80,1,1,3,1
899,3,SM,0,123,218,10,1,3,1
899,3,Train,0,240,167,30,1,3,1
900,3,Car,0,182,90,1,1,3,1
900,3,SM,1,172,194,20,1,3,1
900,3,Train,0,217,194,120,1,3,1
901,3,Car,1,180,108,1,1,3,1
901,3,SM,0,93,218,10,1,3,1
901,3,Train,0,227,189,30,1,3,1
902,3,Car,1,377,175,1,0,2,1
902,3,SM,0,325,357,20,0,2,1
902,3,Train,0,433,329,120,0,2,1
903,3,Car,1,240,116,1,1,2,1
903,3,SM,0,155,254,10,1,2,1
903,3,Train,0,321,225,30,1,2,1
904,3,Car,0,221,140,1,1,3,1
904,3,SM,1,56,237,20,1,3,1
904,3,Train,0,164,211,120,1,3,1
905,3,Car,0,220,120,1,1,3,1
905,3,SM,1,110,237,10,1,3,1
905,3,Train,0,273,210,30,1,3,1
906,3,Car,1,273,150,1,1,3,1
906,3,SM,0,97,293,20,1,3,1
906,3,Train,0,226,252,120,1,3,1
907,3,Car,0,286,160,1,1,3,1
907,3,SM,1,117,301,20,1,3,1
907,3,Train,0,246,262,120,1,3,1
908,3,Car,1,208,105,1,1,3,1
908,3,SM,0,104,245,20,1,3,1
908,3,Train,0,217,211,120,1,3,1
909,3,Car,0,182,105,1,1,3,1
909,3,SM,1,104,167,20,1,3,1
909,3,Train,0,157,163,120,1,3,1
910,3,Car,1,150,88,1,1,3,1
910,3,SM,0,80,194,10,1,3,1
910,3,Train,0,220,176,30,1,3,1
911,3,Car,1,78,30,1,1,3,1
911,3,SM,0,39,111,20,1,3,1
911,3,Train,0,92,89,120,1,3,1
912,3,Car,0,230,155,1,1,3,1
912,3,SM,1,101,293,30,1,3,1
912,3,Train,0,327,270,120,1,3,1
913,3,Car,1,190,155,1,1,3,1
913,3,SM,0,140,225,30,1,3,1
913,3,Train,0,261,217,120,1,3,1
914,3,Car,1,230,96,1,1,2,1
914,3,SM,0,86,210,10,1,2,1
914,3,Train,0,221,184,30,1,2,1
915,3,Car,1,221,110,1,1,3,1
915,3,SM,0,100,266,20,1,3,1
915,3,Train,0,204,233,120,1,3,1
916,3,Car,1,180,84,1,1,3,1
916,3,SM,0,169,198,10,1,3,1
916,3,Train,0,257,184,30,1,3,1
917,3,Car,1,250,160,1,1,3,1
917,3,SM,0,97,330,30,1,3,1
917,3,Train,0,353,294,120,1,3,1
918,3,Car,1,180,115,1,1,3,1
918,3,SM,0,143,210,30,1,3,1
918,3,Train,0,217,200,120,1,3,1
919,3,Car,1,325,160,1,1,3,1
919,3,SM,0,128,322,20,1,3,1
919,3,Train,0,295,284,120,1,3,1
920,3,Car,0,240,112,1,1,3,1
920,3,SM,1,157,245,10,1,3,1
920,3,Train,0,300,225,30,1,3,1
921,3,Car,0,170,100,1,1,2,1
921,3,SM,1,64,194,10,1,2,1
921,3,Train,0,193,176,30,1,2,1
922,3,Car,0,170,95,1,1,3,1
922,3,SM,1,50,225,30,1,3,1
922,3,Train,0,193,211,120,1,3,1
923,3,Car,1,100,65,1,1,3,1
923,3,SM,0,100,189,30,1,3,1
923,3,Train,0,190,184,120,1,3,1
924,3,Car,1,312,170,1,1,3,1
924,3,SM,0,95,322,20,1,3,1
924,3,Train,0,262,270,120,1,3,1
925,3,Car,1,150,68,1,1,2,1
925,3,SM,0,159,184,10,1,2,1
925,3,Train,0,225,169,30,1,2,1
926,3,Car,1,180,110,1,1,2,.5
926,3,SM,0,55,218,30,1,2,.5
926,3,Train,0,205,200,120,1,2,.5
927,3,Car,0,90,48,1,1,3,.5
927,3,SM,1,41,142,10,1,3,.5
927,3,Train,0,106,119,30,1,3,.5
928,3,Car,1,140,80,1,1,3,.5
928,3,SM,0,130,167,30,1,3,.5
928,3,Train,0,216,170,120,1,3,.5
929,3,Car,0,170,84,1,1,3,.5
929,3,SM,1,64,194,10,1,3,.5
929,3,Train,0,193,176,30,1,3,.5
930,3,Car,1,200,112,1,1,3,.5
930,3,SM,0,111,225,10,1,3,.5
930,3,Train,0,250,210,30,1,3,.5
931,3,Car,1,90,40,1,1,2,.5
931,3,SM,0,41,142,10,1,2,.5
931,3,Train,0,106,119,30,1,2,.5
932,3,Car,1,160,72,1,0,2,.5
932,3,SM,0,99,210,10,0,2,.5
932,3,Train,0,234,184,30,0,2,.5
933,3,Car,0,130,50,1,1,3,.5
933,3,SM,1,84,181,20,1,3,.5
933,3,Train,0,133,170,120,1,3,.5
934,3,Car,1,156,70,1,1,3,.5
934,3,SM,0,63,176,20,1,3,.5
934,3,Train,0,118,156,120,1,3,.5
935,3,Car,1,250,140,1,1,2,.5
935,3,SM,0,226,337,30,1,2,.5
935,3,Train,0,406,329,120,1,2,.5
936,3,Car,0,130,76,1,1,2,.5
936,3,SM,1,124,167,10,1,2,.5
936,3,Train,0,182,155,30,1,2,.5
937,3,Car,0,190,115,1,1,3,0
937,3,SM,1,63,23,30,1,3,0
937,3,Train,0,236,23,120,1,3,0
938,3,Car,0,180,90,1,1,3,1
938,3,SM,1,55,23,30,1,3,1
938,3,Train,0,205,23,120,1,3,1
939,3,Car,0,100,64,1,1,2,.5
939,3,SM,0,57,16,10,1,2,.5
939,3,Train,1,128,13,30,1,2,.5
942,3,Car,0,260,105,1,0,1,0
942,3,SM,1,97,82,20,0,1,0
942,3,Train,0,205,74,120,0,1,0
943,3,Car,0,130,50,1,0,2,0
943,3,SM,1,59,54,20,0,2,0
943,3,Train,0,114,50,120,0,2,0
944,3,Car,0,90,45,1,1,2,0
944,3,SM,1,56,49,30,1,2,0
944,3,Train,0,135,46,120,1,2,0
945,3,Car,0,221,90,1,1,2,0
945,3,SM,1,83,72,20,1,2,0
945,3,Train,0,191,64,120,1,2,0
946,3,Car,1,90,44,1,1,2,0
946,3,SM,0,73,42,10,1,2,0
946,3,Train,0,149,38,30,1,2,0
947,3,Car,0,182,90,1,1,2,0
947,3,SM,1,119,64,20,1,2,0
947,3,Train,0,195,59,120,1,2,0
948,3,Car,0,312,155,1,1,3,0
948,3,SM,1,128,88,20,1,3,0
948,3,Train,0,236,79,120,1,3,0
949,3,Car,0,140,95,1,1,2,0
949,3,SM,1,139,62,30,1,2,0
949,3,Train,0,220,60,120,1,2,0
950,3,Car,1,320,136,1,0,2,0
950,3,SM,0,109,82,10,0,2,0
950,3,Train,0,336,72,30,0,2,0
951,3,Car,0,117,55,1,1,2,0
951,3,SM,1,61,52,20,1,2,0
951,3,Train,0,116,46,120,1,2,0
952,3,Car,1,160,64,1,1,2,0
952,3,SM,0,277,62,10,1,2,0
952,3,Train,0,391,57,30,1,2,0
953,3,Car,0,180,105,1,0,1,0
953,3,SM,1,94,72,30,0,1,0
953,3,Train,0,248,67,120,0,1,0
954,3,Car,0,160,64,1,1,1,0
954,3,SM,0,112,54,10,1,1,0
954,3,Train,1,179,50,30,1,1,0
955,3,Car,0,169,80,1,1,2,0
955,3,SM,1,125,72,20,1,2,0
955,3,Train,0,208,62,120,1,2,0
958,3,Car,1,143,75,1,1,1,0
958,3,SM,0,145,62,20,1,1,0
958,3,Train,0,200,55,120,1,1,0
959,3,Car,1,40,30,1,1,1,0
959,3,SM,0,28,22,30,1,1,0
959,3,Train,0,61,19,120,1,1,0
961,3,Car,0,182,75,1,1,2,0
961,3,SM,1,112,72,20,1,2,0
961,3,Train,0,192,60,120,1,2,0
962,3,Car,1,100,55,1,1,2,0
962,3,SM,0,90,42,30,1,2,0
962,3,Train,0,120,38,120,1,2,0
963,3,Car,0,91,40,1,1,3,0
963,3,SM,1,51,38,20,1,3,0
963,3,Train,0,104,31,120,1,3,0
964,3,Car,1,160,92,1,1,2,0
964,3,SM,0,226,66,10,1,2,0
964,3,Train,0,322,62,30,1,2,0
965,3,Car,0,160,85,1,1,1,0
965,3,SM,1,151,64,30,1,1,0
965,3,Train,0,247,60,120,1,1,0
966,3,Car,0,150,60,1,0,2,0
966,3,SM,1,110,58,10,0,2,0
966,3,Train,0,220,50,30,0,2,0
967,3,Car,1,190,120,1,1,3,0
967,3,SM,0,185,80,30,1,3,0
967,3,Train,0,332,77,120,1,3,0
968,3,Car,1,130,80,1,1,3,0
968,3,SM,0,109,54,30,1,3,0
968,3,Train,0,179,54,120,1,3,0
969,3,Car,0,208,110,1,1,3,0
969,3,SM,1,97,74,20,1,3,0
969,3,Train,0,205,67,120,1,3,0
970,3,Car,0,100,56,1,1,2,0
970,3,SM,1,67,40,10,1,2,0
970,3,Train,0,137,36,30,1,2,0
971,3,Car,1,143,75,1,0,1,0
971,3,SM,0,49,53,20,0,1,0
971,3,Train,0,125,48,120,0,1,0
972,3,Car,0,70,45,1,0,1,0
972,3,SM,1,97,34,30,0,1,0
972,3,Train,0,137,31,120,0,1,0
973,3,Car,1,270,120,1,1,3,0
973,3,SM,0,164,86,10,1,3,0
973,3,Train,0,368,74,30,1,3,0
974,3,Car,0,210,110,1,1,2,0
974,3,SM,1,63,78,30,1,2,0
974,3,Train,0,236,74,120,1,2,0
975,3,Car,1,169,100,1,1,2,0
975,3,SM,0,147,58,20,1,2,0
975,3,Train,0,202,58,120,1,2,0
976,3,Car,0,247,105,1,1,3,0
976,3,SM,1,71,82,20,1,3,0
976,3,Train,0,200,74,120,1,3,0
977,3,Car,1,90,48,1,0,1,0
977,3,SM,0,41,42,10,0,1,0
977,3,Train,0,106,35,30,0,1,0
978,3,Car,1,70,32,1,1,2,0
978,3,SM,0,38,29,10,1,2,0
978,3,Train,0,103,25,30,1,2,0
979,3,Car,0,280,136,1,1,2,0
979,3,SM,1,139,72,10,1,2,0
979,3,Train,0,285,64,30,1,2,0
981,3,Car,0,170,80,1,0,1,0
981,3,SM,1,73,62,10,0,1,0
981,3,Train,0,206,54,30,0,1,0
982,3,Car,0,220,125,1,0,2,0
982,3,SM,1,120,88,30,0,2,0
982,3,Train,0,352,84,120,0,2,0
983,3,Car,0,120,80,1,1,2,0
983,3,SM,1,141,50,30,1,2,0
983,3,Train,0,234,50,120,1,2,0
984,3,Car,0,325,145,1,1,2,0
984,3,SM,1,113,91,20,1,2,0
984,3,Train,0,242,79,120,1,2,0
986,3,Car,0,270,152,1,0,2,0
986,3,SM,1,109,82,10,0,2,0
986,3,Train,0,336,72,30,0,2,0
988,3,Car,0,169,70,1,1,2,0
988,3,SM,1,120,62,20,1,2,0
988,3,Train,0,169,55,120,1,2,0
989,3,Car,1,110,52,1,1,2,0
989,3,SM,0,120,49,10,1,2,0
989,3,Train,0,190,38,30,1,2,0
990,3,Car,1,210,120,1,1,2,0
990,3,SM,0,118,74,10,1,2,0
990,3,Train,0,282,66,30,1,2,0
991,3,Car,1,91,45,1,1,2,0
991,3,SM,0,34,38,20,1,2,0
991,3,Train,0,89,30,120,1,2,0
992,3,Car,0,143,85,1,1,3,0
992,3,SM,1,49,53,20,1,3,0
992,3,Train,0,125,48,120,1,3,0
993,3,Car,1,170,115,1,1,3,0
993,3,SM,0,175,66,30,1,3,0
993,3,Train,0,302,64,120,1,3,0
994,3,Car,1,240,145,1,0,2,0
994,3,SM,0,110,86,30,0,2,0
994,3,Train,0,294,79,120,0,2,0
995,3,Car,1,351,150,1,0,2,0
995,3,SM,0,158,97,20,0,2,0
995,3,Train,0,266,86,120,0,2,0
996,3,Car,0,140,52,1,1,1,0
996,3,SM,1,77,46,10,1,1,0
996,3,Train,0,135,42,30,1,1,0
997,3,Car,0,140,64,1,1,2,0
997,3,SM,1,174,53,10,1,2,0
997,3,Train,0,238,49,30,1,2,0
998,3,Car,0,100,65,1,1,2,0
998,3,SM,1,59,49,30,1,2,0
998,3,Train,0,140,48,120,1,2,0
999,3,Car,0,120,52,1,1,2,0
999,3,SM,1,128,50,10,1,2,0
999,3,Train,0,206,46,30,1,2,0
1000,3,Car,0,273,145,1,1,2,0
1000,3,SM,1,71,82,20,1,2,0
1000,3,Train,0,200,74,120,1,2,0
1001,3,Car,0,190,100,1,1,3,0
1001,3,SM,1,244,70,10,1,3,0
1001,3,Train,0,401,64,30,1,3,0
1002,3,Car,0,143,70,1,1,3,0
1002,3,SM,1,195,48,20,1,3,0
1002,3,Train,0,219,48,120,1,3,0
1004,3,Car,0,234,105,1,0,2,0
1004,3,SM,1,232,82,20,0,2,0
1004,3,Train,0,287,79,120,0,2,0
1005,3,Car,0,182,85,1,1,1,0
1005,3,SM,0,101,70,20,1,1,0
1005,3,Train,1,214,62,120,1,1,0
1006,3,Car,0,143,70,1,1,2,0
1006,3,SM,1,89,54,20,1,2,0
1006,3,Train,0,144,50,120,1,2,0
1007,3,Car,0,100,44,1,0,1,0
1007,3,SM,1,69,40,10,0,1,0
1007,3,Train,0,139,36,30,0,1,0
1008,3,Car,0,180,95,1,0,2,0
1008,3,SM,1,128,52,30,0,2,0
1008,3,Train,0,218,52,120,0,2,0
1009,3,Car,0,170,130,1,1,3,0
1009,3,SM,1,50,66,30,1,3,0
1009,3,Train,0,193,62,120,1,3,0
1010,3,Car,1,180,130,1,0,2,0
1010,3,SM,0,209,80,30,0,2,0
1010,3,Train,0,374,77,120,0,2,0
1011,3,Car,1,90,40,1,1,1,0
1011,3,SM,0,101,48,10,1,1,0
1011,3,Train,0,182,43,30,1,1,0
1012,3,Car,0,140,95,1,1,2,0
1012,3,SM,1,120,62,30,1,2,0
1012,3,Train,0,206,59,120,1,2,0
1013,3,Car,1,90,44,1,1,3,0
1013,3,SM,0,79,46,10,1,3,0
1013,3,Train,0,154,42,30,1,3,0
1014,3,Car,1,210,135,1,1,2,0
1014,3,SM,0,139,86,30,1,2,0
1014,3,Train,0,302,84,120,1,2,0
1016,3,Car,0,220,130,1,1,3,0
1016,3,SM,1,71,82,30,1,3,0
1016,3,Train,0,292,77,120,1,3,0
1017,3,Car,0,273,145,1,1,2,.5
1017,3,SM,0,71,82,20,1,2,.5
1017,3,Train,1,200,74,120,1,2,.5
1018,3,Car,1,70,32,1,1,3,.5
1018,3,SM,0,38,29,10,1,3,.5
1018,3,Train,0,103,25,30,1,3,.5
1019,3,Car,0,90,60,1,1,2,.5
1019,3,SM,1,34,46,30,1,2,.5
1019,3,Train,0,106,42,120,1,2,.5
1020,3,Car,1,240,120,1,1,3,.5
1020,3,SM,0,234,82,10,1,3,.5
1020,3,Train,0,419,74,30,1,3,.5
1021,3,Car,0,130,80,1,1,3,.5
1021,3,SM,1,61,50,30,1,3,.5
1021,3,Train,0,141,48,120,1,3,.5
1024,3,Car,0,110,52,1,0,2,0
1024,3,SM,1,55,90,10,0,2,0
1024,3,Train,0,146,80,30,0,2,0
1025,3,Car,1,90,55,1,1,1,0
1025,3,SM,0,90,83,30,1,1,0
1025,3,Train,0,120,76,120,1,1,0
1026,3,Car,0,90,40,1,1,2,0
1026,3,SM,1,49,86,10,1,2,0
1026,3,Train,0,120,76,30,1,2,0
1027,3,Car,0,208,105,1,1,2,0
1027,3,SM,1,80,149,20,1,2,0
1027,3,Train,0,188,133,120,1,2,0
1028,3,Car,1,52,30,1,1,2,0
1028,3,SM,0,30,50,20,1,2,0
1028,3,Train,0,54,40,120,1,2,0
1029,3,Car,1,273,115,1,1,1,0
1029,3,SM,0,71,165,20,1,1,0
1029,3,Train,0,200,148,120,1,1,0
1030,3,Car,0,273,110,1,1,2,0
1030,3,SM,1,89,156,20,1,2,0
1030,3,Train,0,197,137,120,1,2,0
1031,3,Car,1,190,105,1,1,2,0
1031,3,SM,0,222,165,30,1,2,0
1031,3,Train,0,392,158,120,1,2,0
1032,3,Car,0,180,96,1,1,3,0
1032,3,SM,1,93,128,10,1,3,0
1032,3,Train,0,227,114,30,1,3,0
1033,3,Car,1,170,100,1,1,3,0
1033,3,SM,0,174,128,30,1,3,0
1033,3,Train,0,295,124,120,1,3,0
1034,3,Car,1,110,70,1,1,2,0
1034,3,SM,0,55,99,30,1,2,0
1034,3,Train,0,157,96,120,1,2,0
1035,3,Car,1,60,32,1,0,2,0
1035,3,SM,0,43,52,10,0,2,0
1035,3,Train,0,106,43,30,0,2,0
1036,3,Car,0,250,165,1,0,2,0
1036,3,SM,1,119,194,30,0,2,0
1036,3,Train,0,371,179,120,0,2,0
1037,3,Car,0,190,125,1,0,2,0
1037,3,SM,1,162,139,30,0,2,0
1037,3,Train,0,283,133,120,0,2,0
1038,3,Car,0,260,155,1,1,1,0
1038,3,SM,1,106,194,30,1,1,0
1038,3,Train,0,326,173,120,1,1,0
1039,3,Car,1,50,25,1,1,1,0
1039,3,SM,0,78,57,30,1,1,0
1039,3,Train,0,111,50,120,1,1,0
1040,3,Car,0,290,175,1,1,2,0
1040,3,SM,1,131,205,30,1,2,0
1040,3,Train,0,392,187,120,1,2,0
1041,3,Car,1,110,65,1,1,2,0
1041,3,SM,0,80,106,30,1,2,0
1041,3,Train,0,159,103,120,1,2,0
1042,3,Car,1,130,60,1,0,1,0
1042,3,SM,0,97,86,20,0,1,0
1042,3,Train,0,108,82,120,0,1,0
1043,3,Car,1,280,155,1,0,1,0
1043,3,SM,0,275,215,30,0,1,0
1043,3,Train,0,492,206,120,0,1,0
1044,3,Car,1,70,28,1,1,2,0
1044,3,SM,0,38,58,10,1,2,0
1044,3,Train,0,103,50,30,1,2,0
1045,3,Car,1,143,70,1,1,2,0
1045,3,SM,0,49,106,20,1,2,0
1045,3,Train,0,125,96,120,1,2,0
1046,3,Car,1,130,65,1,1,3,0
1046,3,SM,0,101,108,30,1,3,0
1046,3,Train,0,171,103,120,1,3,0
1047,3,Car,0,140,75,1,1,3,0
1047,3,SM,1,73,111,30,1,3,0
1047,3,Train,0,185,108,120,1,3,0
1049,3,Car,1,180,120,1,0,2,0
1049,3,SM,0,154,156,30,0,2,0
1049,3,Train,0,312,148,120,0,2,0
1050,3,Car,1,110,70,1,0,2,0
1050,3,SM,0,123,114,30,0,2,0
1050,3,Train,0,195,109,120,0,2,0
1051,3,Car,0,260,112,1,1,3,0
1051,3,SM,1,136,172,10,1,3,0
1051,3,Train,0,334,144,30,1,3,0
1052,3,Car,1,180,80,1,1,3,0
1052,3,SM,0,172,114,10,1,3,0
1052,3,Train,0,282,103,30,1,3,0
1053,3,Car,0,143,75,1,0,1,0
1053,3,SM,1,49,106,20,0,1,0
1053,3,Train,0,125,96,120,0,1,0
1054,3,Car,1,110,75,1,0,3,0
1054,3,SM,0,44,99,30,0,3,0
1054,3,Train,0,146,96,120,0,3,0
1055,3,Car,1,180,105,1,0,3,0
1055,3,SM,0,112,128,30,0,3,0
1055,3,Train,0,230,127,120,0,3,0
1056,3,Car,0,190,112,1,1,3,0
1056,3,SM,1,81,139,10,1,3,0
1056,3,Train,0,236,123,30,1,3,0
1057,3,Car,1,80,36,1,1,3,0
1057,3,SM,0,103,65,10,1,3,0
1057,3,Train,0,142,62,30,1,3,0
1058,3,Car,1,182,95,1,0,2,0
1058,3,SM,0,230,123,20,0,2,0
1058,3,Train,0,285,118,120,0,2,0
1060,3,Car,1,90,48,1,1,2,0
1060,3,SM,0,134,80,10,1,2,0
1060,3,Train,0,160,76,30,1,2,0
1061,3,Car,1,170,110,1,1,3,0
1061,3,SM,0,140,132,30,1,3,0
1061,3,Train,0,258,127,120,1,3,0
1062,3,Car,1,110,64,1,1,2,0
1062,3,SM,0,55,90,10,1,2,0
1062,3,Train,0,146,80,30,1,2,0
1063,3,Car,1,260,115,1,1,2,0
1063,3,SM,0,167,177,20,1,2,0
1063,3,Train,0,275,158,120,1,2,0
1064,3,Car,1,120,75,1,0,2,0
1064,3,SM,0,44,99,30,0,2,0
1064,3,Train,0,146,96,120,0,2,0
1065,3,Car,1,80,44,1,0,2,0
1065,3,SM,0,82,65,10,0,2,0
1065,3,Train,0,115,62,30,0,2,0
1066,3,Car,1,273,125,1,1,2,0
1066,3,SM,0,71,165,20,1,2,0
1066,3,Train,0,200,148,120,1,2,0
1067,3,Car,0,143,60,1,1,3,0
1067,3,SM,1,83,114,20,1,3,0
1067,3,Train,0,138,108,120,1,3,0
1068,3,Car,1,210,120,1,0,1,0
1068,3,SM,0,145,165,30,0,1,0
1068,3,Train,0,301,158,120,0,1,0
1069,3,Car,1,140,90,1,1,3,0
1069,3,SM,0,145,123,30,1,3,0
1069,3,Train,0,227,119,120,1,3,0
1070,3,Car,1,70,36,1,0,3,0
1070,3,SM,0,38,58,10,0,3,0
1070,3,Train,0,103,50,30,0,3,0
1071,3,Car,1,220,112,1,1,1,0
1071,3,SM,0,130,149,10,1,1,0
1071,3,Train,0,299,128,30,1,1,0
1072,3,Car,1,120,60,1,0,1,0
1072,3,SM,0,106,91,10,0,1,0
1072,3,Train,0,186,86,30,0,1,0
1073,3,Car,0,180,115,1,0,1,0
1073,3,SM,1,112,128,30,0,1,0
1073,3,Train,0,230,127,120,0,1,0
1074,3,Car,1,190,88,1,0,2,0
1074,3,SM,0,179,132,10,0,2,0
1074,3,Train,0,333,116,30,0,2,0
1075,3,Car,1,117,65,1,1,1,0
1075,3,SM,0,132,91,20,1,1,0
1075,3,Train,0,143,91,120,1,1,0
1076,3,Car,1,208,100,1,1,2,0
1076,3,SM,0,88,149,20,1,2,0
1076,3,Train,0,196,133,120,1,2,0
1077,3,Car,0,156,70,1,1,2,0
1077,3,SM,1,69,116,20,1,2,0
1077,3,Train,0,145,108,120,1,2,0
1078,3,Car,0,270,168,1,1,3,0
1078,3,SM,1,166,165,10,1,3,0
1078,3,Train,0,381,149,30,1,3,0
1079,3,Car,1,234,90,1,1,2,0
1079,3,SM,0,117,132,20,1,2,0
1079,3,Train,0,193,127,120,1,2,0
1080,3,Car,1,90,44,1,1,1,0
1080,3,SM,0,118,80,10,1,1,0
1080,3,Train,0,166,71,30,1,1,0
1081,3,Car,1,312,150,1,1,2,0
1081,3,SM,0,161,194,20,1,2,0
1081,3,Train,0,290,173,120,1,2,0
1082,3,Car,1,140,85,1,1,2,0
1082,3,SM,0,101,108,30,1,2,0
1082,3,Train,0,191,108,120,1,2,0
1083,3,Car,0,160,100,1,1,2,0
1083,3,SM,1,159,128,30,1,2,0
1083,3,Train,0,271,119,120,1,2,0
1084,3,Car,0,325,155,1,1,3,0
1084,3,SM,1,102,210,20,1,3,0
1084,3,Train,0,290,179,120,1,3,0
1085,3,Car,1,130,64,1,1,2,0
1085,3,SM,0,205,108,10,1,2,0
1085,3,Train,0,290,99,30,1,2,0
1086,3,Car,1,260,125,1,1,2,0
1086,3,SM,0,74,156,20,1,2,0
1086,3,Train,0,182,137,120,1,2,0
1087,3,Car,1,351,160,1,1,2,0
1087,3,SM,0,71,165,20,1,2,0
1087,3,Train,0,200,148,120,1,2,0
1088,3,Car,1,143,70,1,1,2,0
1088,3,SM,0,49,106,20,1,2,0
1088,3,Train,0,125,96,120,1,2,0
1090,3,Car,1,130,85,1,0,1,0
1090,3,SM,0,111,108,30,0,1,0
1090,3,Train,0,199,109,120,0,1,0
1091,3,Car,1,170,76,1,0,2,0
1091,3,SM,0,161,106,10,0,2,0
1091,3,Train,0,247,99,30,0,2,0
1092,3,Car,1,170,95,1,1,3,0
1092,3,SM,0,116,116,30,1,3,0
1092,3,Train,0,209,118,120,1,3,0
1094,3,Car,1,208,105,1,1,3,0
1094,3,SM,0,282,144,20,1,3,0
1094,3,Train,0,331,133,120,1,3,0
1095,3,Car,1,221,110,1,0,2,0
1095,3,SM,0,117,132,20,0,2,0
1095,3,Train,0,193,127,120,0,2,0
1096,3,Car,1,130,55,1,1,2,0
1096,3,SM,0,64,103,20,1,2,0
1096,3,Train,0,119,91,120,1,2,0
1097,3,Car,1,70,40,1,1,1,0
1097,3,SM,0,51,68,30,1,1,0
1097,3,Train,0,90,62,120,1,1,0
1098,3,Car,0,195,100,1,0,2,0
1098,3,SM,1,61,132,20,0,2,0
1098,3,Train,0,174,118,120,0,2,0
1099,3,Car,1,104,55,1,0,2,0
1099,3,SM,0,108,76,20,0,2,0
1099,3,Train,0,132,68,120,0,2,0
1100,3,Car,0,364,170,1,1,2,0
1100,3,SM,1,250,231,20,1,2,0
1100,3,Train,0,379,212,120,1,2,0
1101,3,Car,1,210,104,1,1,2,0
1101,3,SM,0,126,144,10,1,2,0
1101,3,Train,0,287,128,30,1,2,0
1102,3,Car,0,230,124,1,1,3,0
1102,3,SM,1,97,144,10,1,3,0
1102,3,Train,0,257,128,30,1,3,0
1103,3,Car,1,170,92,1,1,2,0
1103,3,SM,0,149,116,10,1,2,0
1103,3,Train,0,240,108,30,1,2,0
1104,3,Car,0,170,72,1,1,3,1
1104,3,SM,1,103,123,10,1,3,1
1104,3,Train,0,240,108,30,1,3,1
1105,3,Car,0,110,75,1,1,2,.5
1105,3,SM,1,44,99,30,1,2,.5
1105,3,Train,0,146,96,120,1,2,.5
1106,3,Car,0,190,104,1,1,1,.5
1106,3,SM,1,81,139,10,1,1,.5
1106,3,Train,0,236,123,30,1,1,.5
1107,3,Car,0,130,95,1,1,2,0
1107,3,SM,1,120,14,30,1,2,0
1107,3,Train,0,214,14,120,1,2,0
1108,3,Car,0,182,85,1,1,3,0
1108,3,SM,1,115,15,20,1,3,0
1108,3,Train,0,165,14,120,1,3,0
1109,3,Car,0,220,120,1,1,1,0
1109,3,SM,1,96,10,30,1,1,0
1109,3,Train,0,252,10,120,1,1,0
1111,3,Car,0,170,125,1,1,2,0
1111,3,SM,1,90,127,30,1,2,0
1111,3,Train,0,245,119,120,1,2,0
1112,3,Car,0,100,80,1,1,3,0
1112,3,SM,1,148,76,30,1,3,0
1112,3,Train,0,188,72,120,1,3,0
1113,3,Car,0,325,130,1,0,2,0
1113,3,SM,1,71,140,20,0,2,0
1113,3,Train,0,200,126,120,0,2,0
1114,3,Car,0,220,130,1,1,3,0
1114,3,SM,1,90,137,30,1,3,0
1114,3,Train,0,270,126,120,1,3,0
1115,3,Car,1,170,110,1,1,2,0
1115,3,SM,0,74,122,30,1,2,0
1115,3,Train,0,224,113,120,1,2,0
1116,3,Car,1,90,48,1,1,3,0
1116,3,SM,0,41,71,10,1,3,0
1116,3,Train,0,106,60,30,1,3,0
1117,3,Car,0,156,80,1,0,3,0
1117,3,SM,0,49,90,20,0,3,0
1117,3,Train,1,125,82,120,0,3,0
1118,3,Car,1,208,80,1,0,2,0
1118,3,SM,0,171,105,20,0,2,0
1118,3,Train,0,226,101,120,0,2,0
1119,3,Car,1,130,60,1,1,2,0
1119,3,SM,0,116,92,20,1,2,0
1119,3,Train,0,171,89,120,1,2,0
1120,3,Car,1,156,75,1,1,2,0
1120,3,SM,0,100,97,20,1,2,0
1120,3,Train,0,176,89,120,1,2,0
1121,3,Car,1,190,104,1,1,3,0
1121,3,SM,0,153,109,10,1,3,0
1121,3,Train,0,292,94,30,1,3,0
1122,3,Car,1,169,85,1,1,3,0
1122,3,SM,0,85,118,20,1,3,0
1122,3,Train,0,168,101,120,1,3,0
1123,3,Car,1,330,220,1,1,3,0
1123,3,SM,0,388,187,30,1,3,0
1123,3,Train,0,626,175,120,1,3,0
1124,3,Car,1,221,100,1,1,3,0
1124,3,SM,0,106,133,20,1,3,0
1124,3,Train,0,214,113,120,1,3,0
1125,3,Car,1,130,85,1,0,3,0
1125,3,SM,0,104,88,30,0,3,0
1125,3,Train,0,190,89,120,0,3,0
1126,3,Car,0,351,165,1,1,2,0
1126,3,SM,1,95,174,20,1,2,0
1126,3,Train,0,283,146,120,1,2,0
1127,3,Car,0,260,172,1,1,3,0
1127,3,SM,1,103,122,10,1,3,0
1127,3,Train,0,264,109,30,1,3,0
1128,3,Car,1,190,96,1,0,1,0
1128,3,SM,0,179,112,10,0,1,0
1128,3,Train,0,328,105,30,0,1,0
1129,3,Car,0,110,56,1,1,3,0
1129,3,SM,1,55,76,10,1,3,0
1129,3,Train,0,146,68,30,1,3,0
1130,3,Car,1,130,64,1,1,2,0
1130,3,SM,0,226,90,10,1,2,0
1130,3,Train,0,311,84,30,1,2,0
1131,3,Car,0,90,52,1,1,3,0
1131,3,SM,1,67,78,10,1,3,0
1131,3,Train,0,130,71,30,1,3,0
1132,3,Car,0,208,110,1,1,3,0
1132,3,SM,1,103,137,20,1,3,0
1132,3,Train,0,211,126,120,1,3,0
1133,3,Car,0,195,100,1,1,3,0
1133,3,SM,1,66,122,20,1,3,0
1133,3,Train,0,174,106,120,1,3,0
1136,3,Car,0,208,95,1,1,2,0
1136,3,SM,1,74,122,20,1,2,0
1136,3,Train,0,182,108,120,1,2,0
1137,3,Car,1,200,100,1,1,2,0
1137,3,SM,0,195,122,10,1,2,0
1137,3,Train,0,350,112,30,1,2,0
1138,3,Car,1,220,115,1,1,2,0
1138,3,SM,0,87,140,30,1,2,0
1138,3,Train,0,266,131,120,1,2,0
1139,3,Car,0,190,140,1,1,2,0
1139,3,SM,1,63,133,30,1,2,0
1139,3,Train,0,236,126,120,1,2,0
1140,3,Car,0,221,120,1,1,3,0
1140,3,SM,1,72,127,20,1,3,0
1140,3,Train,0,180,110,120,1,3,0
1141,3,Car,0,195,100,1,1,1,0
1141,3,SM,1,156,118,20,1,1,0
1141,3,Train,0,211,110,120,1,1,0
1142,3,Car,1,150,80,1,1,3,0
1142,3,SM,0,73,105,10,1,3,0
1142,3,Train,0,206,92,30,1,3,0
1143,3,Car,1,100,65,1,1,3,0
1143,3,SM,0,79,76,30,1,3,0
1143,3,Train,0,163,72,120,1,3,0
1144,3,Car,1,230,116,1,1,3,0
1144,3,SM,0,188,122,10,1,3,0
1144,3,Train,0,322,112,30,1,3,0
1145,3,Car,1,117,50,1,0,2,0
1145,3,SM,0,72,88,20,0,2,0
1145,3,Train,0,127,82,120,0,2,0
1146,3,Car,0,290,120,1,1,3,0
1146,3,SM,1,174,137,10,1,3,0
1146,3,Train,0,388,122,30,1,3,0
1147,3,Car,0,221,80,1,1,3,0
1147,3,SM,1,56,118,20,1,3,0
1147,3,Train,0,164,106,120,1,3,0
1148,3,Car,0,160,95,1,1,3,0
1148,3,SM,1,173,112,30,1,3,0
1148,3,Train,0,267,110,120,1,3,0
1149,3,Car,0,221,110,1,1,3,.5
1149,3,SM,1,88,122,20,1,3,.5
1149,3,Train,0,201,110,120,1,3,.5
1150,3,Car,0,120,60,1,1,3,.5
1150,3,SM,1,55,76,10,1,3,.5
1150,3,Train,0,146,68,30,1,3,.5
1151,3,Car,1,100,65,1,1,3,.5
1151,3,SM,0,104,88,30,1,3,.5
1151,3,Train,0,186,85,120,1,3,.5
1152,3,Car,0,180,110,1,1,3,0
1152,3,SM,1,88,225,30,1,3,0
1152,3,Train,0,242,217,120,1,3,0
1153,3,Car,1,120,80,1,1,2,0
1153,3,SM,0,159,181,30,1,2,0
1153,3,Train,0,246,184,120,1,2,0
1154,3,Car,1,190,105,1,1,2,0
1154,3,SM,0,63,266,30,1,2,0
1154,3,Train,0,236,252,120,1,2,0
1155,3,Car,0,325,180,1,1,3,0
1155,3,SM,1,146,322,20,1,3,0
1155,3,Train,0,270,284,120,1,3,0
1156,3,Car,0,60,28,1,1,3,0
1156,3,SM,1,43,89,10,1,3,0
1156,3,Train,0,106,74,30,1,3,0
1157,3,Car,1,230,104,1,0,3,0
1157,3,SM,0,120,245,10,0,3,0
1157,3,Train,0,283,218,30,0,3,0
1158,3,Car,1,91,45,1,1,1,0
1158,3,SM,0,84,130,20,1,1,0
1158,3,Train,0,108,109,120,1,1,0
1159,3,Car,1,130,85,1,1,2,0
1159,3,SM,0,64,189,30,1,2,0
1159,3,Train,0,172,184,120,1,2,0
1160,3,Car,0,160,104,1,1,3,0
1160,3,SM,1,106,155,10,1,3,0
1160,3,Train,0,186,147,30,1,3,0
1161,3,Car,1,182,105,1,1,2,0
1161,3,SM,0,122,218,20,1,2,0
1161,3,Train,0,165,203,120,1,2,0
1162,3,Car,1,170,76,1,0,3,0
1162,3,SM,0,106,162,10,0,3,0
1162,3,Train,0,186,153,30,0,3,0
1163,3,Car,1,170,85,1,1,3,0
1163,3,SM,0,180,225,30,1,3,0
1163,3,Train,0,250,217,120,1,3,0
1164,3,Car,1,195,85,1,0,1,0
1164,3,SM,0,201,218,20,0,1,0
1164,3,Train,0,256,203,120,0,1,0
1165,3,Car,1,190,100,1,0,3,0
1165,3,SM,0,103,225,10,0,3,0
1165,3,Train,0,244,198,30,0,3,0
1167,3,Car,1,170,80,1,1,2,0
1167,3,SM,0,130,218,10,1,2,0
1167,3,Train,0,270,194,30,1,2,0
1168,3,Car,1,240,185,1,1,2,0
1168,3,SM,0,114,310,30,1,2,0
1168,3,Train,0,342,284,120,1,2,0
1169,3,Car,1,260,116,1,0,1,0
1169,3,SM,0,144,237,10,0,1,0
1169,3,Train,0,291,210,30,0,1,0
1170,3,Car,1,210,108,1,1,3,0
1170,3,SM,0,116,266,10,1,3,0
1170,3,Train,0,323,225,30,1,3,0
1171,3,Car,0,220,120,1,1,3,0
1171,3,SM,1,141,245,10,1,3,0
1171,3,Train,0,289,225,30,1,3,0
1172,3,Car,0,210,135,1,1,3,0
1172,3,SM,1,63,266,30,1,3,0
1172,3,Train,0,236,252,120,1,3,0
1173,3,Car,1,240,116,1,1,2,0
1173,3,SM,0,355,281,10,1,2,0
1173,3,Train,0,466,274,30,1,2,0
1174,3,Car,1,325,155,1,1,2,0
1174,3,SM,0,173,337,20,1,2,0
1174,3,Train,0,302,305,120,1,2,0
1175,3,Car,1,221,115,1,1,3,0
1175,3,SM,0,230,225,20,1,3,0
1175,3,Train,0,306,211,120,1,3,0
1176,3,Car,1,270,165,1,1,3,0
1176,3,SM,0,742,337,30,1,3,0
1176,3,Train,0,1049,319,120,1,3,0
1177,3,Car,1,117,60,1,1,2,0
1177,3,SM,0,96,155,20,1,2,0
1177,3,Train,0,149,143,120,1,2,0
1178,3,Car,1,120,64,1,0,3,0
1178,3,SM,0,55,153,10,0,3,0
1178,3,Train,0,146,136,30,0,3,0
1179,3,Car,0,240,155,1,1,3,0
1179,3,SM,1,147,301,30,1,3,0
1179,3,Train,0,330,284,120,1,3,0
1180,3,Car,1,195,90,1,1,2,0
1180,3,SM,0,172,225,20,1,2,0
1180,3,Train,0,248,203,120,1,2,0
1181,3,Car,1,273,160,1,1,2,1
1181,3,SM,0,71,281,20,1,2,1
1181,3,Train,0,200,252,120,1,2,1
1182,3,Car,1,403,170,1,1,3,1
1182,3,SM,0,222,374,20,1,3,1
1182,3,Train,0,351,337,120,1,3,1
1183,3,Car,1,221,115,1,1,3,1
1183,3,SM,0,83,245,20,1,3,1
1183,3,Train,0,191,217,120,1,3,1
1184,3,Car,0,190,115,1,1,1,.5
1184,3,SM,1,63,266,30,1,1,.5
1184,3,Train,0,236,252,120,1,1,.5
1185,3,Car,1,190,128,1,1,3,.5
1185,3,SM,0,151,237,10,1,3,.5
1185,3,Train,0,299,218,30,1,3,.5
1186,3,Car,0,90,65,1,1,3,0
1186,3,SM,1,34,23,30,1,3,0
1186,3,Train,0,106,23,120,1,3,0
1187,3,Car,1,100,55,1,0,2,0
1187,3,SM,0,166,23,30,0,2,0
1187,3,Train,0,218,23,120,0,2,0
1188,3,Car,1,120,60,1,1,2,0
1188,3,SM,0,116,23,10,1,2,0
1188,3,Train,0,180,19,30,1,2,0
1189,3,Car,1,70,40,1,1,2,0
1189,3,SM,0,73,23,30,1,2,0
1189,3,Train,0,117,23,120,1,2,0
1190,3,Car,1,120,68,1,1,2,0
1190,3,SM,0,66,23,10,1,2,0
1190,3,Train,0,160,19,30,1,2,0
1191,3,Car,1,170,80,1,1,3,0
1191,3,SM,0,171,23,10,1,3,0
1191,3,Train,0,281,19,30,1,3,0
1192,3,Car,1,120,56,1,1,3,0
1192,3,SM,0,100,16,10,1,3,0
1192,3,Train,0,178,13,30,1,3,0
